,n,n_std,mae,mae_std,rmse,rmse_std,r2,r2_std,spearman,spearman_std,bias,bias_std,pred_sd_ratio,pred_sd_ratio_std,mae_low_tail,mae_low_tail_std,mae_high_tail,mae_high_tail_std
random/mean,21111.0,0.0,0.255736727064387,1.633494475554106e-06,0.3104079118990328,2.5632850605150287e-06,-4.677211168253592e-05,1.651638586848446e-05,-0.008566791135861937,0.0025727882380524396,5.762908474796896e-09,3.272726931208226e-08,0.0022441625746514203,0.00040066715380116853,0.5614618053425608,2.1695400290860187e-06,0.36048563877197715,1.1610440480911273e-05
random/linear,21111.0,0.0,0.21531832115514044,0.0005402126669655438,0.27016600927532053,0.0006433548515583691,0.24243722563073922,0.003614294665934647,0.5293170865495826,0.003538855477884474,0.00021910808251464687,0.00019085847794466084,0.5044212289323343,0.001735523892094239,0.45831016788894957,0.0005527763589325649,0.1864699626343514,0.0008020874916748199
random/ridge,21111.0,0.0,0.2149138939093726,8.336563404693237e-05,0.26970361395060655,8.500753788908647e-05,0.24503238486335874,0.00047592905204036295,0.5313131674670993,0.0003879586769640373,2.163677397861064e-05,6.079337894699036e-05,0.4991598905876315,0.0005129340357060418,0.45872159475832675,0.0001467873746678784,0.18669486261993223,0.00025046639291085036
random/elasticnet,21111.0,0.0,0.21523359755105229,5.0022631709022545e-05,0.27008662460033145,5.238165865692766e-05,0.24288662455247403,0.00029370885810222377,0.5288495156988338,0.00026360781950507075,-4.957721640957144e-06,5.989575561512602e-05,0.48355090445535953,0.0004997198712418463,0.4629216769405846,0.0001566393804108329,0.18984811176102562,0.00012949078931127575
random/random_forest,21111.0,0.0,0.20193631044744748,0.0001016390860154096,0.25840425694165725,0.00014421993202263936,0.3069665276048653,0.0007736631616435746,0.5763560910920145,0.0009172614427719248,-0.001275873022679766,0.0001434221266552385,0.5384890065130212,0.00046886973689993345,0.4272367381107582,0.0003932228379120081,0.162034305763704,0.00019616159071463282
random/extra_trees,21111.0,0.0,0.2015317517605944,0.00011898997360925566,0.25844711484041083,0.00021263065420188548,0.30673636770483814,0.001140493350922485,0.5787913092888909,0.001298758094877467,-0.00047851851895876815,0.00014872458302921717,0.5440719829505541,0.0005590309255535717,0.4286279945364737,0.00035410396444906676,0.15601526074623256,0.00020361462064998165
random/hist_gbm,21111.0,0.0,0.2029239636106766,0.0003930716163100042,0.25946399027787115,0.00022628513361554355,0.3012702035452071,0.0012182411181218679,0.5745849487088373,0.0011798428929745402,1.780074106889028e-05,0.00046005409632358425,0.5468150706478531,0.005289341723780719,0.4287478474146737,0.0017246615296238183,0.16155006825122345,0.0011265341294440943
random/xgboost,21111.0,0.0,0.20265004747208745,0.00012255655722300055,0.2588921855353964,0.0001338379577091331,0.30434686390757315,0.000719286598170168,0.5777837316825546,0.0006538460365592628,2.970534330487365e-05,0.00013588418049910185,0.550380200113702,0.0006802248499665955,0.4274288996011709,0.0002698403960300076,0.1613067718370209,0.0002926152128982455
random/voting_ensemble,21111.0,0.0,0.20132240055290346,0.00017194645078552636,0.2574822810495006,0.0001649815616924863,0.3119030674470542,0.0008816884778432456,0.583254988263257,0.000893305129382627,-0.00042672136431619225,0.00014219251390477556,0.5384366407964467,0.0010168953728943158,0.42800159739837607,0.0004946298006071377,0.15941424923081024,0.00044834051871134507
spatial/mean,21111.0,0.0,0.2561231818461915,0.00014399219729117706,0.3108648681865004,0.0001959276079531396,-0.0029937063303456133,0.0012641793211543553,-0.08608845014348751,0.015577434635577602,-8.559507565992359e-07,6.252153594429475e-07,0.014780469723064207,0.0034361988916947806,0.5621631475550426,0.00039571876533482355,0.36107750238613245,0.00019869679678676325
spatial/linear,21111.0,0.0,0.21972190864004318,0.00023108039566932466,0.27438101300756274,0.00014521397798510584,0.2186187608243749,0.0008271559584859995,0.5059099140894664,0.0009692377503654521,-0.0034211247790835835,0.0007707107797019773,0.5079450845213664,0.002280615019015143,0.45972287993049105,0.0013588287890817213,0.19469854758440946,0.0013888579095086176
spatial/ridge,21111.0,0.0,0.21902630066339485,0.00031531276465530055,0.27393884015800735,0.00016590716961507618,0.221135100460271,0.0009438132940331334,0.5071914605645546,0.0014060847785742855,-0.002832513231071921,0.001061350446093616,0.502842381207552,0.0017922050155758503,0.46093645071753897,0.0016216402607612409,0.19472783586779033,0.0012371780370500857
spatial/elasticnet,21111.0,0.0,0.2181829158033056,0.00027260115853006394,0.2734021533115536,0.00014865517690856118,0.22418399005690928,0.0008439066035953135,0.5079079737237884,0.0015383062073859425,-0.0008042807260779394,0.0009783537664442338,0.4854933080329378,0.002566495824087333,0.46601590966955414,0.0017900732659928032,0.19432149581774114,0.0010301139635188654
spatial/random_forest,21111.0,0.0,0.21077898872446948,0.00020438472106509373,0.2659172582358281,0.00022853691331630482,0.26608102362768904,0.0012613530346196958,0.5375335342061197,0.0015124968258497025,-0.007516208476078636,0.001157958663701119,0.5126273125950269,0.0033529974989882903,0.43880944318987475,0.0018754258460956573,0.18086480877971461,0.00040242939405857716
spatial/extra_trees,21111.0,0.0,0.21052297615101323,0.0001496482470094703,0.26570709309247054,0.00011352599825664505,0.267241064242425,0.0006259927484300344,0.542194983426423,0.0008841519458715305,-0.006554428512146411,0.0008112002736381807,0.5135843851937445,0.002483852919510067,0.4417549594985918,0.0013765923363394232,0.17512106254712032,0.0009906685481670472
spatial/hist_gbm,21111.0,0.0,0.21038506649354566,0.0005367526265275861,0.2664331536487351,0.00041990788823310086,0.2632292818496412,0.0023236371145444563,0.5415093660544107,0.002176915830731341,-0.006059230015099055,0.0023384448150509246,0.538955399823839,0.0024549338444710997,0.4359078864309584,0.0021700066272017835,0.1735553292251371,0.001820165311181575
spatial/xgboost,21111.0,0.0,0.2102981129029665,0.0004437124519637946,0.2658050224277582,0.0003068694821609631,0.26669998811215195,0.0016938054616134728,0.5436425409559025,0.0016018005986100467,-0.005467870230589,0.0012748610673731042,0.5355770268143916,0.0024188655066315345,0.43607928448929273,0.0015031157435739133,0.17506794961168026,0.0014996007605456536
spatial/voting_ensemble,21111.0,0.0,0.20953085866093582,0.00028284224404556376,0.2645894988215286,0.00021645135334426017,0.2733918820343956,0.0011891799870748935,0.5484756768969782,0.0012445985183903742,-0.006399434308478275,0.0013201227047342293,0.5180750228833156,0.0023969430816261055,0.4381372964603985,0.001685427083874107,0.17538177532611496,0.0008183048170452668
