,lower,point,upper,half_width,passability,huc8_name
20250,0.1602390706539154,0.59363663,1.0,0.4333975613117218,0.94961341984,Upper Susquehanna
20251,0.03928166627883911,0.47267923,0.9060767889022827,0.4333975613117218,0.10999076604,Upper Susquehanna
20252,0.0,0.35765788,0.79105544090271,0.4333975613117218,0.580105387116,Upper Susquehanna
20253,0.07534757256507874,0.50874513,0.9421426951885223,0.4333975613117218,0.130434581002,Upper Susquehanna
20254,0.3222465217113495,0.7556441,1.0,0.4333975613117218,0.541231283648,Upper Susquehanna
20255,0.0,0.378505,0.8119025528430939,0.4333975613117218,0.730565335644,Upper Susquehanna
20256,0.0596560537815094,0.49305362,0.926451176404953,0.4333975613117218,0.647825009334,Upper Susquehanna
20257,0.0014015436172485352,0.4347991,0.8681966662406921,0.4333975613117218,0.878085891659,Upper Susquehanna
20258,0.0,0.31942484,0.7528223991394043,0.4333975613117218,0.0,Upper Susquehanna
20259,0.0,0.43305147,0.8664490282535553,0.4333975613117218,0.0344825366666,Upper Susquehanna
20260,0.08502015471458435,0.5184177,0.951815277338028,0.4333975613117218,0.10999076604,Upper Susquehanna
20261,0.0,0.3660376,0.799435168504715,0.4333975613117218,0.0344825366666,Upper Susquehanna
20262,0.03286096453666687,0.46625853,0.8996560871601105,0.4333975613117218,0.838954099175,Upper Susquehanna
20263,0.14395275712013245,0.5773503,1.0,0.4333975613117218,0.271781363515,Upper Susquehanna
20264,0.4577946960926056,0.89119226,1.0,0.4333975613117218,0.55290412697,Upper Susquehanna
20265,0.0592559278011322,0.4926535,0.9260510504245758,0.4333975613117218,0.802022163179,Upper Susquehanna
20266,0.49970361590385437,0.9331012,1.0,0.4333975613117218,0.956849582584,Upper Susquehanna
20267,0.0852716863155365,0.51866925,0.9520668089389801,0.4333975613117218,0.706701383699,Upper Susquehanna
20268,0.09779772162437439,0.5311953,0.964592844247818,0.4333975613117218,0.56273198114,Upper Susquehanna
20269,0.40510323643684387,0.8385008,1.0,0.4333975613117218,0.975413875195,Upper Susquehanna
20270,0.10001912713050842,0.5334167,0.966814249753952,0.4333975613117218,0.40677952012,Upper Susquehanna
20271,0.14817461371421814,0.5815722,1.0,0.4333975613117218,0.762986162449,Upper Susquehanna
20272,0.0,0.37156388,0.8049614429473877,0.4333975613117218,0.499999880289,Upper Susquehanna
20273,0.05610695481300354,0.48950452,0.9229020774364471,0.4333975613117218,0.90847430087,Upper Susquehanna
20274,0.06918546557426453,0.502583,0.9359805881977081,0.4333975613117218,0.917995775006,Upper Susquehanna
20275,0.021769613027572632,0.45516717,0.8885647356510162,0.4333975613117218,0.0,Upper Susquehanna
20276,0.060542404651641846,0.49393997,0.9273375272750854,0.4333975613117218,0.445293660746,Upper Susquehanna
20277,0.057068049907684326,0.4904656,0.9238631725311279,0.4333975613117218,0.0409137007582,Upper Susquehanna
20278,0.17831197381019592,0.61170954,1.0,0.4333975613117218,0.794193235294,Upper Susquehanna
20279,0.0,0.42971206,0.8631096184253693,0.4333975613117218,0.0930722388655,Upper Susquehanna
20280,0.10974434018135071,0.5431419,0.9765394628047943,0.4333975613117218,0.130434581002,Upper Susquehanna
20281,0.20823749899864197,0.64163506,1.0,0.4333975613117218,0.675991010279,Upper Susquehanna
20282,0.0,0.42062035,0.8540179133415222,0.4333975613117218,0.0,Upper Susquehanna
20283,0.1291305124759674,0.5625281,0.995925635099411,0.4333975613117218,0.518381299275,Upper Susquehanna
20284,0.05518254637718201,0.4885801,0.9219776690006256,0.4333975613117218,0.810328043743,Upper Susquehanna
20285,0.5038821399211884,0.9372797,1.0,0.4333975613117218,0.885680655738,Upper Susquehanna
20286,0.0,0.39067963,0.8240771889686584,0.4333975613117218,0.0344825366666,Upper Susquehanna
20287,0.061486512422561646,0.49488407,0.9282816350460052,0.4333975613117218,0.224137749663,Upper Susquehanna
20288,0.0,0.36474526,0.798142820596695,0.4333975613117218,0.0,Upper Susquehanna
20289,0.0,0.41967794,0.8530755043029785,0.4333975613117218,0.581639236254,Upper Susquehanna
20290,0.03224089741706848,0.46563846,0.8990360200405121,0.4333975613117218,0.675260742065,Upper Susquehanna
20291,0.07463005185127258,0.5080276,0.9414251744747162,0.4333975613117218,0.155364781803,Upper Susquehanna
20292,0.06978937983512878,0.50318694,0.9365845024585724,0.4333975613117218,0.271781363515,Upper Susquehanna
20293,0.40905943512916565,0.842457,1.0,0.4333975613117218,0.972499735112,Upper Susquehanna
20294,0.0,0.40191305,0.8353106081485748,0.4333975613117218,0.271781363515,Upper Susquehanna
20295,0.0026127994060516357,0.43601036,0.8694079220294952,0.4333975613117218,0.0569641683846,Upper Susquehanna
20296,0.06477206945419312,0.49816963,0.9315671920776367,0.4333975613117218,0.0569641683846,Upper Susquehanna
20297,0.3489697277545929,0.7823673,1.0,0.4333975613117218,0.972834448099,Upper Susquehanna
20298,0.1897113025188446,0.62310886,1.0,0.4333975613117218,0.398408677854,Upper Susquehanna
20299,0.31910863518714905,0.7525062,1.0,0.4333975613117218,0.817772740874,Upper Susquehanna
20300,0.2381260097026825,0.6715236,1.0,0.4333975613117218,0.790181309555,Upper Susquehanna
20301,0.045203715562820435,0.47860128,0.911998838186264,0.4333975613117218,0.388241381755,Upper Susquehanna
20302,0.11036416888237,0.54376173,0.9771592915058136,0.4333975613117218,0.503686972426,Upper Susquehanna
20303,0.3168342411518097,0.7502318,1.0,0.4333975613117218,0.817648721695,Upper Susquehanna
20304,0.08655568957328796,0.51995325,0.9533508121967316,0.4333975613117218,0.0,Upper Susquehanna
20305,0.14903655648231506,0.5824341,1.0,0.4333975613117218,0.524068299345,Upper Susquehanna
20306,0.11735066771507263,0.5507482,0.9841457903385162,0.4333975613117218,0.186046321987,Upper Susquehanna
20307,0.2171134650707245,0.650511,1.0,0.4333975613117218,0.644477146938,Upper Susquehanna
20308,0.10432609915733337,0.53772366,0.971121221780777,0.4333975613117218,0.79654954545,Upper Susquehanna
20309,0.07590499520301819,0.50930256,0.9427001178264618,0.4333975613117218,0.736706505945,Upper Susquehanna
20310,0.11170610785484314,0.54510367,0.9785012304782867,0.4333975613117218,0.837584915225,Upper Susquehanna
20311,0.0037038028240203857,0.43710136,0.870498925447464,0.4333975613117218,0.0,Upper Susquehanna
20312,0.12896212935447693,0.5623597,0.9957572519779205,0.4333975613117218,0.40677952012,Upper Susquehanna
20313,0.2092512547969818,0.6426488,1.0,0.4333975613117218,0.955889750047,Upper Susquehanna
20314,0.03533819317817688,0.46873575,0.9021333158016205,0.4333975613117218,0.737676890533,Upper Susquehanna
20315,0.12555459141731262,0.55895215,0.9923497140407562,0.4333975613117218,0.0789471558492,Upper Susquehanna
20316,0.10808137059211731,0.54147893,0.9748764932155609,0.4333975613117218,0.545637735849,Upper Susquehanna
20317,0.15084698796272278,0.58424455,1.0,0.4333975613117218,0.00665709527127,Upper Susquehanna
20318,0.0327182412147522,0.4661158,0.8995133638381958,0.4333975613117218,0.585892109099,Upper Susquehanna
20319,0.05288207530975342,0.48627964,0.919677197933197,0.4333975613117218,0.0,Upper Susquehanna
20320,0.028118938207626343,0.4615165,0.89491406083107,0.4333975613117218,0.615016923021,Upper Susquehanna
20321,0.24373766779899597,0.6771352,1.0,0.4333975613117218,0.8733,Upper Susquehanna
20322,0.10364976525306702,0.5370473,0.9704448878765106,0.4333975613117218,0.73228206002,Upper Susquehanna
20323,0.012545645236968994,0.4459432,0.8793407678604126,0.4333975613117218,0.705655134208,Upper Susquehanna
20324,0.0,0.42182404,0.8552215993404388,0.4333975613117218,0.547159101407,Upper Susquehanna
20325,0.05902087688446045,0.49241844,0.925815999507904,0.4333975613117218,0.00937843632513,Upper Susquehanna
20326,0.24423947930335999,0.67763704,1.0,0.4333975613117218,0.872670945667,Upper Susquehanna
20327,0.0,0.41054788,0.8439454436302185,0.4333975613117218,0.0,Upper Susquehanna
20328,0.22220107913017273,0.65559864,1.0,0.4333975613117218,0.69875079607,Upper Susquehanna
20329,0.3968832194805145,0.8302808,1.0,0.4333975613117218,0.186046321987,Upper Susquehanna
20330,0.13892313838005066,0.5723207,1.0,0.4333975613117218,0.600065509009,Upper Susquehanna
20331,0.1292952597141266,0.5626928,0.9960903823375702,0.4333975613117218,0.587657970676,Upper Susquehanna
20332,0.0,0.41222078,0.845618337392807,0.4333975613117218,0.0344825366666,Upper Susquehanna
20333,0.14416584372520447,0.5775634,1.0,0.4333975613117218,0.797163117715,Upper Susquehanna
20334,0.47975972294807434,0.9131573,1.0,0.4333975613117218,0.9815,Upper Susquehanna
20335,0.0,0.3849112,0.8183087706565857,0.4333975613117218,0.10999076604,Upper Susquehanna
20336,0.021447449922561646,0.454845,0.8882425725460052,0.4333975613117218,0.67870439903,Upper Susquehanna
20337,0.07683292031288147,0.5102305,0.9436280429363251,0.4333975613117218,0.707934521845,Upper Susquehanna
20338,0.054126232862472534,0.4875238,0.9209213554859161,0.4333975613117218,0.0789471558492,Upper Susquehanna
20339,0.07325354218482971,0.5066511,0.9400486648082733,0.4333975613117218,0.927693143259,Upper Susquehanna
20340,0.0,0.4263028,0.8597003519535065,0.4333975613117218,0.384098443091,Upper Susquehanna
20341,0.1451011598110199,0.5784987,1.0,0.4333975613117218,0.738805906335,Upper Susquehanna
20342,0.0,0.34942657,0.7828241288661957,0.4333975613117218,0.0,Upper Susquehanna
20343,0.04558074474334717,0.4789783,0.9123758673667908,0.4333975613117218,0.828849365304,Upper Susquehanna
20344,0.22361120581626892,0.65700877,1.0,0.4333975613117218,0.667434379329,Upper Susquehanna
20345,0.3163124620914459,0.74971,1.0,0.4333975613117218,0.0670551784969,Upper Susquehanna
20346,0.08994200825691223,0.52333957,0.9567371308803558,0.4333975613117218,0.544091958907,Upper Susquehanna
20347,0.07771334052085876,0.5111109,0.9445084631443024,0.4333975613117218,0.271781363515,Upper Susquehanna
20348,0.0,0.4061883,0.8395858705043793,0.4333975613117218,0.271781363515,Upper Susquehanna
20349,0.48686644434928894,0.920264,1.0,0.4333975613117218,0.964,Upper Susquehanna
20350,0.0501461923122406,0.48354375,0.9169413149356842,0.4333975613117218,0.0,Upper Susquehanna
20351,0.04135987162590027,0.47475743,0.9081549942493439,0.4333975613117218,0.0569641683846,Upper Susquehanna
20352,0.4924653470516205,0.9258629,1.0,0.4333975613117218,0.955,Upper Susquehanna
20353,0.0,0.4006498,0.8340473473072052,0.4333975613117218,0.878093734222,Upper Susquehanna
20354,0.1380302608013153,0.5714278,1.0,0.4333975613117218,0.0409137007582,Upper Susquehanna
20355,0.10988757014274597,0.54328513,0.9766826927661896,0.4333975613117218,0.558200557591,Upper Susquehanna
20356,0.14493998885154724,0.57833755,1.0,0.4333975613117218,0.40677952012,Upper Susquehanna
20357,0.08458837866783142,0.51798594,0.951383501291275,0.4333975613117218,0.820539586937,Upper Susquehanna
20358,0.5254761874675751,0.95887375,1.0,0.4333975613117218,0.955130660009,Upper Susquehanna
20359,0.05941864848136902,0.4928162,0.9262137711048126,0.4333975613117218,0.590886988294,Upper Susquehanna
20360,0.03184032440185547,0.4652379,0.8986354470252991,0.4333975613117218,0.627411426223,Upper Susquehanna
20361,0.21292611956596375,0.6463237,1.0,0.4333975613117218,0.576965169103,Upper Susquehanna
20362,0.5162326395511627,0.9496302,1.0,0.4333975613117218,0.810106676935,Upper Susquehanna
20363,0.5226670205593109,0.9560646,1.0,0.4333975613117218,0.733366957015,Upper Susquehanna
20364,0.023776143789291382,0.4571737,0.890571266412735,0.4333975613117218,0.7250820577,Upper Susquehanna
20365,0.19907423853874207,0.6324718,1.0,0.4333975613117218,0.671418292623,Upper Susquehanna
20366,0.10348382592201233,0.5368814,0.9702789485454559,0.4333975613117218,0.716764189154,Upper Susquehanna
20367,0.035089075565338135,0.46848664,0.9018841981887817,0.4333975613117218,0.730750262495,Upper Susquehanna
20368,0.470041424036026,0.903439,1.0,0.4333975613117218,0.677,Upper Susquehanna
20369,0.0631585419178009,0.4965561,0.9299536645412445,0.4333975613117218,0.47872484052,Upper Susquehanna
20370,0.0,0.30994233,0.7433398962020874,0.4333975613117218,0.0288785990663,Upper Susquehanna
20371,0.1859147846698761,0.61931235,1.0,0.4333975613117218,0.508776784314,Upper Susquehanna
20372,0.5151939690113068,0.94859153,1.0,0.4333975613117218,0.956924475119,Upper Susquehanna
20373,0.1415906846523285,0.57498825,1.0,0.4333975613117218,0.797683607931,Upper Susquehanna
20374,0.06441578269004822,0.49781334,0.9312109053134918,0.4333975613117218,0.803494232404,Upper Susquehanna
20375,0.1681431233882904,0.6015407,1.0,0.4333975613117218,0.0483381495409,Upper Susquehanna
20376,0.0,0.4093628,0.8427603542804718,0.4333975613117218,0.331644425296,Upper Susquehanna
20377,0.08684024214744568,0.5202378,0.9536353647708893,0.4333975613117218,0.0020001781057,Upper Susquehanna
20378,0.11050429940223694,0.54390186,0.9772994220256805,0.4333975613117218,0.64921692753,Upper Susquehanna
20379,0.0009621679782867432,0.43435973,0.8677572906017303,0.4333975613117218,0.612188271909,Upper Susquehanna
20380,0.10772743821144104,0.541125,0.9745225608348846,0.4333975613117218,0.62990402388,Upper Susquehanna
20381,0.0,0.3835647,0.8169622719287872,0.4333975613117218,0.155364781803,Upper Susquehanna
20382,0.13952013850212097,0.5729177,1.0,0.4333975613117218,0.833476217102,Upper Susquehanna
20383,0.022109419107437134,0.45550698,0.8889045417308807,0.4333975613117218,0.224137749663,Upper Susquehanna
20384,0.057343631982803345,0.4907412,0.924138754606247,0.4333975613117218,0.0,Upper Susquehanna
20385,0.12767985463142395,0.5610774,0.9944749772548676,0.4333975613117218,0.553468903926,Upper Susquehanna
20386,0.061901092529296875,0.49529865,0.9286962151527405,0.4333975613117218,0.0569641683846,Upper Susquehanna
20387,0.12782397866249084,0.56122154,0.9946191012859344,0.4333975613117218,0.436652061157,Upper Susquehanna
20388,0.10581466555595398,0.5392122,0.9726097881793976,0.4333975613117218,0.499999880289,Upper Susquehanna
20389,0.18553754687309265,0.6189351,1.0,0.4333975613117218,0.970336174397,Upper Susquehanna
20390,0.3403976857662201,0.77379525,1.0,0.4333975613117218,0.50242470672,Upper Susquehanna
20391,0.15790101885795593,0.5912986,1.0,0.4333975613117218,0.938731311998,Upper Susquehanna
20392,0.06830856204032898,0.5017061,0.9351036846637726,0.4333975613117218,0.594911171188,Upper Susquehanna
20393,0.0,0.35170466,0.7851022183895111,0.4333975613117218,0.557179479454,Upper Susquehanna
20394,0.031360626220703125,0.4647582,0.8981557488441467,0.4333975613117218,0.271781363515,Upper Susquehanna
20395,0.26883664727211,0.7022342,1.0,0.4333975613117218,0.94511727609,Upper Susquehanna
20396,0.07645246386528015,0.50985,0.9432475864887238,0.4333975613117218,0.533670979669,Upper Susquehanna
20397,0.1942492425441742,0.6276468,1.0,0.4333975613117218,0.884370697535,Upper Susquehanna
20398,0.04746958613395691,0.48086715,0.9142647087574005,0.4333975613117218,0.76306287751,Upper Susquehanna
20399,0.0948895514011383,0.5282871,0.9616846740245819,0.4333975613117218,0.895360177732,Upper Susquehanna
20400,0.03866252303123474,0.47206008,0.9054576456546783,0.4333975613117218,0.475529561749,Upper Susquehanna
20401,0.0,0.33874804,0.7721455991268158,0.4333975613117218,0.645903520151,Upper Susquehanna
20402,0.0,0.41550353,0.848901093006134,0.4333975613117218,0.83392028795,Upper Susquehanna
20403,0.24126175045967102,0.6746593,1.0,0.4333975613117218,0.702559366707,Upper Susquehanna
20404,0.03686907887458801,0.47026664,0.9036642014980316,0.4333975613117218,0.0483381495409,Upper Susquehanna
20405,0.007941991090774536,0.44133955,0.8747371137142181,0.4333975613117218,0.0239684322117,Upper Susquehanna
20406,0.12454995512962341,0.5579475,0.991345077753067,0.4333975613117218,0.00665709527127,Upper Susquehanna
20407,0.0,0.40141228,0.8348098397254944,0.4333975613117218,0.7055,Upper Susquehanna
20408,0.0,0.40177745,0.8351750075817108,0.4333975613117218,0.0930722388655,Upper Susquehanna
20409,0.09862002730369568,0.5320176,0.9654151499271393,0.4333975613117218,0.331644425296,Upper Susquehanna
20410,0.0,0.4018307,0.8352282643318176,0.4333975613117218,0.0,Upper Susquehanna
20411,0.19449785351753235,0.6278954,1.0,0.4333975613117218,0.730118173448,Upper Susquehanna
20412,0.5286596715450287,0.96205723,1.0,0.4333975613117218,0.9015,Upper Susquehanna
20413,0.0,0.32046506,0.7538626194000244,0.4333975613117218,0.0,Upper Susquehanna
20414,0.2343677580356598,0.6677653,1.0,0.4333975613117218,0.0288785990663,Upper Susquehanna
20415,0.06284236907958984,0.49623993,0.9296374917030334,0.4333975613117218,0.811074455166,Upper Susquehanna
20416,0.04481998085975647,0.47821754,0.9116151034832001,0.4333975613117218,0.583815558932,Upper Susquehanna
20417,0.0,0.40249148,0.8358890414237976,0.4333975613117218,0.651571685902,Upper Susquehanna
20418,0.13059672713279724,0.5639943,0.9973918497562408,0.4333975613117218,0.770696164582,Upper Susquehanna
20419,0.3595789968967438,0.79297656,1.0,0.4333975613117218,0.665742070403,Upper Susquehanna
20420,0.0,0.34102222,0.7744197845458984,0.4333975613117218,0.548834573636,Upper Susquehanna
20421,0.03955799341201782,0.47295555,0.9063531160354614,0.4333975613117218,0.0,Upper Susquehanna
20422,0.05276039242744446,0.48615795,0.9195555150508881,0.4333975613117218,0.0158169973302,Upper Susquehanna
20423,0.02761325240135193,0.4610108,0.8944083750247955,0.4333975613117218,0.575069054296,Upper Susquehanna
20424,0.48105117678642273,0.91444874,1.0,0.4333975613117218,0.982566032913,Upper Susquehanna
20425,0.037370502948760986,0.47076806,0.9041656255722046,0.4333975613117218,0.738805906335,Upper Susquehanna
20426,0.4844508469104767,0.9178484,1.0,0.4333975613117218,0.778039182252,Upper Susquehanna
20427,0.0,0.38824573,0.8216432929039001,0.4333975613117218,0.0196439558077,Upper Susquehanna
20428,0.0,0.3306483,0.7640458643436432,0.4333975613117218,0.0,Upper Susquehanna
20429,0.055940449237823486,0.489338,0.9227355718612671,0.4333975613117218,0.682725610884,Upper Susquehanna
20430,0.022675752639770508,0.4560733,0.8894708752632141,0.4333975613117218,0.584518237513,Upper Susquehanna
20431,0.0,0.36183357,0.7952311336994171,0.4333975613117218,0.0409137007582,Upper Susquehanna
20432,0.08168062567710876,0.5150782,0.9484757483005524,0.4333975613117218,0.846004012373,Upper Susquehanna
20433,0.0,0.35717148,0.7905690371990204,0.4333975613117218,0.0,Upper Susquehanna
20434,0.21279725432395935,0.6461948,1.0,0.4333975613117218,0.592881279744,Upper Susquehanna
20435,0.06206190586090088,0.49545947,0.9288570284843445,0.4333975613117218,0.831765614335,Upper Susquehanna
20436,0.0,0.4174957,0.8508932590484619,0.4333975613117218,0.489565071305,Upper Susquehanna
20437,0.07634088397026062,0.50973845,0.9431360065937042,0.4333975613117218,0.951574160561,Upper Susquehanna
20438,0.0,0.4073762,0.8407737612724304,0.4333975613117218,0.548218201413,Upper Susquehanna
20439,0.2095920741558075,0.64298964,1.0,0.4333975613117218,0.986679999622,Upper Susquehanna
20440,0.15233877301216125,0.58573633,1.0,0.4333975613117218,0.709124772593,Upper Susquehanna
20441,0.005815654993057251,0.43921322,0.8726107776165009,0.4333975613117218,0.40677952012,Upper Susquehanna
20442,0.3574214279651642,0.790819,1.0,0.4333975613117218,0.832996469149,Upper Susquehanna
20443,0.290132075548172,0.72352964,1.0,0.4333975613117218,0.820658710271,Upper Susquehanna
20444,0.0023905038833618164,0.43578807,0.8691856265068054,0.4333975613117218,0.130434581002,Upper Susquehanna
20445,0.1212562620639801,0.5546538,0.9880513846874237,0.4333975613117218,0.681076300073,Upper Susquehanna
20446,0.10124245285987854,0.53464,0.9680375754833221,0.4333975613117218,0.0,Upper Susquehanna
20447,0.13501396775245667,0.5684115,1.0,0.4333975613117218,0.688817443203,Upper Susquehanna
20448,0.0,0.32779452,0.7611920833587646,0.4333975613117218,0.331644425296,Upper Susquehanna
20449,0.13136258721351624,0.56476015,0.9981577098369598,0.4333975613117218,0.535420727741,Upper Susquehanna
20450,0.1417202651500702,0.5751178,1.0,0.4333975613117218,0.40677952012,Upper Susquehanna
20451,0.05768558382987976,0.49108315,0.9244807064533234,0.4333975613117218,0.81027859846,Upper Susquehanna
20452,0.04246330261230469,0.47586086,0.9092584252357483,0.4333975613117218,0.0483381495409,Upper Susquehanna
20453,0.15837249159812927,0.59177005,1.0,0.4333975613117218,0.130434581002,Upper Susquehanna
20454,0.17595812678337097,0.6093557,1.0,0.4333975613117218,0.908312684548,Upper Susquehanna
20455,0.16588082909584045,0.5992784,1.0,0.4333975613117218,0.499999880289,Upper Susquehanna
20456,0.0,0.33457097,0.7679685354232788,0.4333975613117218,0.0,Upper Susquehanna
20457,0.0,0.4215051,0.8549026548862457,0.4333975613117218,0.0930722388655,Upper Susquehanna
20458,0.09749302268028259,0.5308906,0.9642881453037262,0.4333975613117218,0.65229558647,Upper Susquehanna
20459,0.031160414218902588,0.46455798,0.8979555368423462,0.4333975613117218,0.44205062453,Upper Susquehanna
20460,0.07864770293235779,0.51204526,0.9454428255558014,0.4333975613117218,0.80737067192,Upper Susquehanna
20461,0.2461099922657013,0.67950755,1.0,0.4333975613117218,0.0239684322117,Upper Susquehanna
20462,0.18106046319007874,0.614458,1.0,0.4333975613117218,0.757701701906,Upper Susquehanna
20463,0.03264212608337402,0.4660397,0.8994372487068176,0.4333975613117218,0.0483381495409,Upper Susquehanna
20464,0.0,0.29398033,0.7273778915405273,0.4333975613117218,0.0,Upper Susquehanna
20465,0.0,0.42696267,0.8603602349758148,0.4333975613117218,0.130434581002,Upper Susquehanna
20466,0.1542694866657257,0.58766705,1.0,0.4333975613117218,0.667935664652,Upper Susquehanna
20467,0.0,0.42530775,0.8587053120136261,0.4333975613117218,0.90603229883,Upper Susquehanna
20468,0.0,0.34154767,0.7749452292919159,0.4333975613117218,0.0,Upper Susquehanna
20469,0.030343621969223022,0.46374118,0.8971387445926666,0.4333975613117218,0.224137749663,Upper Susquehanna
20470,0.23686781525611877,0.6702654,1.0,0.4333975613117218,0.684255273883,Upper Susquehanna
20471,0.00932985544204712,0.44272742,0.8761249780654907,0.4333975613117218,0.749598806738,Upper Susquehanna
20472,0.08477094769477844,0.5181685,0.951566070318222,0.4333975613117218,0.899454142558,Upper Susquehanna
20473,0.01664319634437561,0.45004076,0.8834383189678192,0.4333975613117218,0.482767372614,Upper Susquehanna
20474,0.1018456518650055,0.5352432,0.9686407744884491,0.4333975613117218,0.662684881038,Upper Susquehanna
20475,0.25137558579444885,0.68477315,1.0,0.4333975613117218,0.854422438504,Upper Susquehanna
20476,0.03376448154449463,0.46716204,0.9005596041679382,0.4333975613117218,0.605593305559,Upper Susquehanna
20477,0.47217610478401184,0.90557367,1.0,0.4333975613117218,0.8838,Upper Susquehanna
20478,0.01238963007926941,0.4457872,0.879184752702713,0.4333975613117218,0.0670551784969,Upper Susquehanna
20479,0.17613062262535095,0.6095282,1.0,0.4333975613117218,0.00937843632513,Upper Susquehanna
20480,0.49182167649269104,0.92521924,1.0,0.4333975613117218,0.909688693782,Upper Susquehanna
20481,0.0,0.41278908,0.846186637878418,0.4333975613117218,0.614081428416,Upper Susquehanna
20482,0.0,0.39145252,0.8248500823974609,0.4333975613117218,0.771495776357,Upper Susquehanna
20483,0.12056568264961243,0.55396324,0.987360805273056,0.4333975613117218,0.888998610412,Upper Susquehanna
20484,0.21327361464500427,0.6466712,1.0,0.4333975613117218,0.00665709527127,Upper Susquehanna
20485,0.0,0.3621851,0.79558265209198,0.4333975613117218,0.8394,Upper Susquehanna
20486,0.0981578528881073,0.5315554,0.9649529755115509,0.4333975613117218,0.716271430628,Upper Susquehanna
20487,0.0925014317035675,0.525899,0.9592965543270111,0.4333975613117218,0.0344825366666,Upper Susquehanna
20488,0.059947818517684937,0.49334538,0.9267429411411285,0.4333975613117218,0.500007073329,Upper Susquehanna
20489,0.19060656428337097,0.6240041,1.0,0.4333975613117218,0.586174209628,Upper Susquehanna
20490,0.5297137796878815,0.96311134,1.0,0.4333975613117218,0.8958,Upper Susquehanna
20491,0.0,0.37825117,0.8116487264633179,0.4333975613117218,0.311063534592,Upper Susquehanna
20492,0.0,0.4004346,0.833832174539566,0.4333975613117218,0.0483381495409,Upper Susquehanna
20493,0.0,0.25204208,0.6854396462440491,0.4333975613117218,0.0,Upper Susquehanna
20494,0.11133375763893127,0.5447313,0.9781288802623749,0.4333975613117218,0.484722056438,Upper Susquehanna
20495,0.004123866558074951,0.43752143,0.8709189891815186,0.4333975613117218,0.583194392913,Upper Susquehanna
20496,0.0,0.42488816,0.8582857251167297,0.4333975613117218,0.0483381495409,Upper Susquehanna
20497,0.16716298460960388,0.60056055,1.0,0.4333975613117218,0.532840327186,Upper Susquehanna
20498,0.1480374038219452,0.58143497,1.0,0.4333975613117218,0.778582045044,Upper Susquehanna
20499,0.13830283284187317,0.5717004,1.0,0.4333975613117218,0.642921302296,Upper Susquehanna
20500,0.0792093575000763,0.5126069,0.9460044801235199,0.4333975613117218,0.736976615783,Upper Susquehanna
20501,0.22325697541236877,0.65665454,1.0,0.4333975613117218,0.871816940331,Upper Susquehanna
20502,0.0,0.32189924,0.7552967965602875,0.4333975613117218,0.0,Upper Susquehanna
20503,0.133265882730484,0.56666344,1.0,0.4333975613117218,0.683830306395,Upper Susquehanna
20504,0.06297725439071655,0.49637482,0.9297723770141602,0.4333975613117218,0.186046321987,Upper Susquehanna
20505,0.0,0.31811756,0.751515120267868,0.4333975613117218,0.0288785990663,Upper Susquehanna
20506,0.049446821212768555,0.48284438,0.9162419438362122,0.4333975613117218,0.224137749663,Upper Susquehanna
20507,0.059992969036102295,0.49339053,0.9267880916595459,0.4333975613117218,0.644688369547,Upper Susquehanna
20508,0.21327129006385803,0.64666885,1.0,0.4333975613117218,0.771571180469,Upper Susquehanna
20509,0.272981733083725,0.7063793,1.0,0.4333975613117218,0.996756386861,Upper Susquehanna
20510,0.057531535625457764,0.4909291,0.9243266582489014,0.4333975613117218,0.621104934167,Upper Susquehanna
20511,0.0,0.37382922,0.8072267770767212,0.4333975613117218,0.48854859743,Upper Susquehanna
20512,0.10939356684684753,0.5427911,0.9761886894702911,0.4333975613117218,0.331644425296,Upper Susquehanna
20513,0.0,0.38728005,0.8206776082515717,0.4333975613117218,0.499999880289,Upper Susquehanna
20514,0.061739325523376465,0.4951369,0.9285344481468201,0.4333975613117218,0.723415063128,Upper Susquehanna
20515,0.19745400547981262,0.63085157,1.0,0.4333975613117218,0.747646527306,Upper Susquehanna
20516,0.27087870240211487,0.70427626,1.0,0.4333975613117218,0.0409137007582,Upper Susquehanna
20517,0.19677850604057312,0.63017607,1.0,0.4333975613117218,0.186046321987,Upper Susquehanna
20518,0.0,0.40835634,0.8417539000511169,0.4333975613117218,0.663359281688,Upper Susquehanna
20519,0.15490636229515076,0.5883039,1.0,0.4333975613117218,0.590818720103,Upper Susquehanna
20520,0.0,0.3983104,0.8317079544067383,0.4333975613117218,0.271781363515,Upper Susquehanna
20521,0.19898483157157898,0.6323824,1.0,0.4333975613117218,0.78847899099,Upper Susquehanna
20522,0.18185898661613464,0.61525655,1.0,0.4333975613117218,0.706343709082,Upper Susquehanna
20523,0.39705076813697815,0.8304483,1.0,0.4333975613117218,0.893384135344,Upper Susquehanna
20524,0.17344257235527039,0.60684013,1.0,0.4333975613117218,0.605340127014,Upper Susquehanna
20525,0.04344525933265686,0.47684282,0.9102403819561005,0.4333975613117218,0.186046321987,Upper Susquehanna
20526,0.09737280011177063,0.53077036,0.9641679227352142,0.4333975613117218,0.573351716715,Upper Susquehanna
20527,0.011956572532653809,0.44535413,0.8787516951560974,0.4333975613117218,0.0,Upper Susquehanna
20528,0.2034914195537567,0.636889,1.0,0.4333975613117218,0.773171421507,Upper Susquehanna
20529,0.5514508187770844,0.9848484,1.0,0.4333975613117218,0.863876626985,Upper Susquehanna
20530,0.43067070841789246,0.86406827,1.0,0.4333975613117218,0.004209381227,Upper Susquehanna
20531,0.47903624176979065,0.9124338,1.0,0.4333975613117218,0.974165640929,Upper Susquehanna
20532,0.09380641579627991,0.527204,0.9606015384197235,0.4333975613117218,0.671696619802,Upper Susquehanna
20533,0.11271044611930847,0.546108,0.9795055687427521,0.4333975613117218,0.0196439558077,Upper Susquehanna
20534,0.12401840090751648,0.55741596,0.9908135235309601,0.4333975613117218,0.616058111364,Upper Susquehanna
20535,0.0,0.38494885,0.8183464109897614,0.4333975613117218,0.808196272977,Upper Susquehanna
20536,0.5028423368930817,0.9362399,1.0,0.4333975613117218,0.998478254438,Upper Susquehanna
20537,0.18756356835365295,0.6209611,1.0,0.4333975613117218,0.610207232599,Upper Susquehanna
20538,0.0,0.41189063,0.8452881872653961,0.4333975613117218,0.40677952012,Upper Susquehanna
20539,0.2286369502544403,0.6620345,1.0,0.4333975613117218,0.468450219911,Upper Susquehanna
20540,0.0,0.3638213,0.7972188591957092,0.4333975613117218,0.0,Upper Susquehanna
20541,0.14651522040367126,0.5799128,1.0,0.4333975613117218,0.608302357892,Upper Susquehanna
20542,0.12674567103385925,0.56014323,0.9935407936573029,0.4333975613117218,0.805017462226,Upper Susquehanna
20543,0.0,0.4146739,0.8480714559555054,0.4333975613117218,0.745927248908,Upper Susquehanna
20544,0.0,0.3601574,0.793554961681366,0.4333975613117218,0.499999880289,Upper Susquehanna
20545,0.2115364968776703,0.64493406,1.0,0.4333975613117218,0.667220246709,Upper Susquehanna
20546,0.18322405219078064,0.6166216,1.0,0.4333975613117218,1.0,Upper Susquehanna
20547,0.15717783570289612,0.5905754,1.0,0.4333975613117218,0.932780689639,Upper Susquehanna
20548,0.0,0.42484772,0.8582452833652496,0.4333975613117218,0.0,Upper Susquehanna
20549,0.0,0.3464894,0.7798869609832764,0.4333975613117218,0.155364781803,Upper Susquehanna
20550,0.0261305570602417,0.45952812,0.8929256796836853,0.4333975613117218,0.664793242114,Upper Susquehanna
20551,0.1252405345439911,0.5586381,0.9920356571674347,0.4333975613117218,0.867458445551,Upper Susquehanna
20552,0.0,0.39648828,0.8298858404159546,0.4333975613117218,0.612188271909,Upper Susquehanna
20553,0.1900707185268402,0.6234683,1.0,0.4333975613117218,0.584719182704,Upper Susquehanna
20554,0.0,0.38815752,0.8215550780296326,0.4333975613117218,0.577883408202,Upper Susquehanna
20555,0.11763635277748108,0.5510339,0.9844314754009247,0.4333975613117218,0.841582549376,Upper Susquehanna
20556,0.14391472935676575,0.5773123,1.0,0.4333975613117218,0.731245090148,Upper Susquehanna
20557,0.12929925322532654,0.5626968,0.9960943758487701,0.4333975613117218,0.00665709527127,Upper Susquehanna
20558,0.1239575445652008,0.5573551,0.9907526671886444,0.4333975613117218,0.155364781803,Upper Susquehanna
20559,0.27126064896583557,0.7046582,1.0,0.4333975613117218,0.704861972536,Upper Susquehanna
20560,0.15842267870903015,0.59182024,1.0,0.4333975613117218,0.941957461208,Upper Susquehanna
20561,0.026187539100646973,0.4595851,0.8929826617240906,0.4333975613117218,0.0,Upper Susquehanna
20562,0.0,0.30129284,0.734690397977829,0.4333975613117218,0.0,Upper Susquehanna
20563,0.0257377028465271,0.45913526,0.8925328254699707,0.4333975613117218,0.949961113703,Upper Susquehanna
20564,0.046305298805236816,0.47970286,0.9131004214286804,0.4333975613117218,0.322429577996,Upper Susquehanna
20565,0.0,0.31082633,0.7442238926887512,0.4333975613117218,0.130434581002,Upper Susquehanna
20566,0.0,0.31672597,0.750123530626297,0.4333975613117218,0.0,Upper Susquehanna
20567,0.04801827669143677,0.48141584,0.9148133993148804,0.4333975613117218,0.767043793814,Upper Susquehanna
20568,0.10539284348487854,0.5387904,0.9721879661083221,0.4333975613117218,0.0344825366666,Upper Susquehanna
20569,0.0,0.40713432,0.8405318856239319,0.4333975613117218,0.0196439558077,Upper Susquehanna
20570,0.0,0.37559685,0.8089944124221802,0.4333975613117218,0.0,Upper Susquehanna
20571,0.11340382695198059,0.5468014,0.9801989495754242,0.4333975613117218,0.530809546064,Upper Susquehanna
20572,0.05123656988143921,0.48463413,0.9180316925048828,0.4333975613117218,0.391215434474,Upper Susquehanna
20573,0.13281264901161194,0.5662102,0.9996077716350555,0.4333975613117218,0.0409137007582,Upper Susquehanna
20574,0.0,0.398657,0.8320545554161072,0.4333975613117218,0.0,Upper Susquehanna
20575,0.2297191321849823,0.6631167,1.0,0.4333975613117218,0.744563469671,Upper Susquehanna
20576,0.0,0.3722669,0.805664449930191,0.4333975613117218,0.186046321987,Upper Susquehanna
20577,0.5040702521800995,0.9374678,1.0,0.4333975613117218,0.9725,Upper Susquehanna
20578,0.1478869616985321,0.5812845,1.0,0.4333975613117218,0.894996011392,Upper Susquehanna
20579,0.17417094111442566,0.6075685,1.0,0.4333975613117218,0.469912887875,Upper Susquehanna
20580,0.2130596935749054,0.64645725,1.0,0.4333975613117218,0.0569641683846,Upper Susquehanna
20581,0.005203574895858765,0.43860114,0.8719986975193024,0.4333975613117218,0.0670551784969,Upper Susquehanna
20582,0.0,0.4169662,0.8503637611865997,0.4333975613117218,0.186046321987,Upper Susquehanna
20583,0.15518316626548767,0.5885807,1.0,0.4333975613117218,0.663887848562,Upper Susquehanna
20584,0.019898027181625366,0.4532956,0.886693149805069,0.4333975613117218,0.643546501898,Upper Susquehanna
20585,0.13190814852714539,0.5653057,0.998703271150589,0.4333975613117218,0.745831737283,Upper Susquehanna
20586,0.5133267343044281,0.9467243,1.0,0.4333975613117218,0.953172991126,Upper Susquehanna
20587,0.09866282343864441,0.5320604,0.965457946062088,0.4333975613117218,0.331644425296,Upper Susquehanna
20588,0.0,0.42901957,0.8624171316623688,0.4333975613117218,0.612188271909,Upper Susquehanna
20589,0.17472299933433533,0.60812056,1.0,0.4333975613117218,0.64849297911,Upper Susquehanna
20590,0.2212580144405365,0.6546556,1.0,0.4333975613117218,0.790566141877,Upper Susquehanna
20591,0.14786556363105774,0.5812631,1.0,0.4333975613117218,0.73526967225,Upper Susquehanna
20592,0.0,0.399487,0.8328845500946045,0.4333975613117218,0.0,Upper Susquehanna
20593,0.1398073136806488,0.5732049,1.0,0.4333975613117218,0.944758167067,Upper Susquehanna
20594,0.0,0.3571143,0.7905118465423584,0.4333975613117218,0.0930722388655,Upper Susquehanna
20595,0.04982516169548035,0.48322272,0.916620284318924,0.4333975613117218,0.84424907169,Upper Susquehanna
20596,0.0820455253124237,0.5154431,0.9488406479358673,0.4333975613117218,0.649533578405,Upper Susquehanna
20597,0.14921018481254578,0.58260775,1.0,0.4333975613117218,0.395039109505,Upper Susquehanna
20598,0.09888455271720886,0.5322821,0.9656796753406525,0.4333975613117218,0.550990249582,Upper Susquehanna
20599,0.05403870344161987,0.48743626,0.9208338260650635,0.4333975613117218,0.331644425296,Upper Susquehanna
20600,0.11371168494224548,0.54710925,0.9805068075656891,0.4333975613117218,0.331644425296,Upper Susquehanna
20601,0.14193859696388245,0.57533616,1.0,0.4333975613117218,0.224137749663,Upper Susquehanna
20602,0.16412219405174255,0.59751976,1.0,0.4333975613117218,0.895290633937,Upper Susquehanna
20603,0.0,0.38714284,0.8205403983592987,0.4333975613117218,0.631513000951,Upper Susquehanna
20604,0.14000383019447327,0.5734014,1.0,0.4333975613117218,0.68569666318,Upper Susquehanna
20605,0.05400347709655762,0.48740104,0.9207985997200012,0.4333975613117218,0.729511203475,Upper Susquehanna
20606,0.2777459919452667,0.71114355,1.0,0.4333975613117218,0.0670551784969,Upper Susquehanna
20607,0.22338637709617615,0.65678394,1.0,0.4333975613117218,0.914443843969,Upper Susquehanna
20608,0.18442270159721375,0.61782026,1.0,0.4333975613117218,0.923679575927,Upper Susquehanna
20609,0.02468094229698181,0.4580785,0.8914760649204254,0.4333975613117218,0.0,Upper Susquehanna
20610,0.08662566542625427,0.5200232,0.9534207880496979,0.4333975613117218,0.912923589247,Upper Susquehanna
20611,0.013502538204193115,0.4469001,0.8802976608276367,0.4333975613117218,0.557709031322,Upper Susquehanna
20612,0.0,0.39809442,0.8314919769763947,0.4333975613117218,0.00937843632513,Upper Susquehanna
20613,0.14760437607765198,0.58100194,1.0,0.4333975613117218,0.538537737272,Upper Susquehanna
20614,0.07967641949653625,0.513074,0.9464715421199799,0.4333975613117218,0.186046321987,Upper Susquehanna
20615,0.3266390860080719,0.76003665,1.0,0.4333975613117218,0.910899999995,Upper Susquehanna
20616,0.0,0.4093703,0.8427678644657135,0.4333975613117218,0.0789471558492,Upper Susquehanna
20617,0.46582671999931335,0.8992243,1.0,0.4333975613117218,0.95390482774,Upper Susquehanna
20618,0.4680884778499603,0.90148604,1.0,0.4333975613117218,0.987554185942,Upper Susquehanna
20619,0.15884152054786682,0.5922391,1.0,0.4333975613117218,0.372756995768,Upper Susquehanna
20620,0.21560123562812805,0.6489988,1.0,0.4333975613117218,0.67166109644,Upper Susquehanna
20621,0.0,0.42201182,0.8554093837738037,0.4333975613117218,0.10999076604,Upper Susquehanna
20622,0.26935669779777527,0.70275426,1.0,0.4333975613117218,0.907246832032,Upper Susquehanna
20623,0.20840999484062195,0.64180756,1.0,0.4333975613117218,0.85994649839,Upper Susquehanna
20624,0.04358294606208801,0.4769805,0.9103780686855316,0.4333975613117218,0.0344825366666,Upper Susquehanna
20625,0.06841108202934265,0.50180864,0.9352062046527863,0.4333975613117218,0.507816246626,Upper Susquehanna
20626,0.47842130064964294,0.91181886,1.0,0.4333975613117218,0.872172991126,Upper Susquehanna
20627,0.07434526085853577,0.5077428,0.9411403834819794,0.4333975613117218,0.331644425296,Upper Susquehanna
20628,0.0,0.41108793,0.8444854915142059,0.4333975613117218,0.0158169973302,Upper Susquehanna
20629,0.45669302344322205,0.8900906,1.0,0.4333975613117218,0.898292744186,Upper Susquehanna
20630,0.15764066576957703,0.5910382,1.0,0.4333975613117218,0.748640949354,Upper Susquehanna
20631,0.19133833050727844,0.6247359,1.0,0.4333975613117218,0.795960325574,Upper Susquehanna
20632,0.0,0.41730094,0.8506985008716583,0.4333975613117218,0.0344825366666,Upper Susquehanna
20633,0.19857379794120789,0.63197136,1.0,0.4333975613117218,0.688599202264,Upper Susquehanna
20634,0.0897587239742279,0.5231563,0.9565538465976715,0.4333975613117218,0.68895471249,Upper Susquehanna
20635,0.13680920004844666,0.57020676,1.0,0.4333975613117218,0.571063674602,Upper Susquehanna
20636,0.26401856541633606,0.6974161,1.0,0.4333975613117218,0.971262362206,Upper Susquehanna
20637,0.4578246772289276,0.89122224,1.0,0.4333975613117218,0.40677952012,Upper Susquehanna
20638,0.0,0.3364787,0.7698762714862823,0.4333975613117218,0.0,Upper Susquehanna
20639,0.009462147951126099,0.4428597,0.8762572705745697,0.4333975613117218,0.709590502353,Upper Susquehanna
20640,0.17993119359016418,0.61332875,1.0,0.4333975613117218,0.888554185942,Upper Susquehanna
20641,0.14566126465797424,0.5790588,1.0,0.4333975613117218,0.555446542685,Upper Susquehanna
20642,0.060141950845718384,0.4935395,0.926937073469162,0.4333975613117218,0.0,Upper Susquehanna
20643,0.19625279307365417,0.62965035,1.0,0.4333975613117218,0.766610179079,Upper Susquehanna
20644,0.17642316222190857,0.6098207,1.0,0.4333975613117218,0.639900636503,Upper Susquehanna
20645,0.0,0.41180304,0.8452005982398987,0.4333975613117218,0.0670551784969,Upper Susquehanna
20646,0.1540643274784088,0.5874619,1.0,0.4333975613117218,0.611581448746,Upper Susquehanna
20647,0.4675692617893219,0.9009668,1.0,0.4333975613117218,0.96973989123,Upper Susquehanna
20648,0.51038458943367,0.94378215,1.0,0.4333975613117218,1.0,Upper Susquehanna
20649,0.18147727847099304,0.61487484,1.0,0.4333975613117218,0.224137749663,Upper Susquehanna
20650,0.09138879179954529,0.52478635,0.9581839144229889,0.4333975613117218,0.888100674944,Upper Susquehanna
20651,0.0,0.40451032,0.8379078805446625,0.4333975613117218,0.0344825366666,Upper Susquehanna
20652,0.1513579785823822,0.58475554,1.0,0.4333975613117218,0.508256225278,Upper Susquehanna
20653,0.16101858019828796,0.59441614,1.0,0.4333975613117218,0.751576738664,Upper Susquehanna
20654,0.054755836725234985,0.4881534,0.9215509593486786,0.4333975613117218,0.711497435746,Upper Susquehanna
20655,0.046823978424072266,0.48022154,0.9136191010475159,0.4333975613117218,0.155364781803,Upper Susquehanna
20656,0.020445257425308228,0.45384282,0.8872403800487518,0.4333975613117218,1.0,Upper Susquehanna
20657,0.15119996666908264,0.5845975,1.0,0.4333975613117218,0.186046321987,Upper Susquehanna
20658,0.2009125053882599,0.63431007,1.0,0.4333975613117218,0.962890186128,Upper Susquehanna
20659,0.17536666989326477,0.60876423,1.0,0.4333975613117218,0.894736627788,Upper Susquehanna
20660,0.07764485478401184,0.5110424,0.9444399774074554,0.4333975613117218,0.0344825366666,Upper Susquehanna
20661,0.5247907340526581,0.9581883,1.0,0.4333975613117218,0.9725,Upper Susquehanna
20662,0.4890383780002594,0.92243594,1.0,0.4333975613117218,0.93180482774,Upper Susquehanna
20663,0.09098556637763977,0.5243831,0.9577806890010834,0.4333975613117218,0.687605084419,Upper Susquehanna
20664,0.05882692337036133,0.49222448,0.9256220459938049,0.4333975613117218,0.0,Upper Susquehanna
20665,0.05712825059890747,0.4905258,0.9239233732223511,0.4333975613117218,0.0,Upper Susquehanna
20666,0.11863133311271667,0.5520289,0.9854264557361603,0.4333975613117218,0.692796941488,Upper Susquehanna
20667,0.0659828782081604,0.49938044,0.932778000831604,0.4333975613117218,0.728013385423,Upper Susquehanna
20668,0.1754712164402008,0.6088688,1.0,0.4333975613117218,0.372529478596,Upper Susquehanna
20669,0.0,0.41854548,0.8519430458545685,0.4333975613117218,0.271781363515,Upper Susquehanna
20670,0.1423799693584442,0.57577753,1.0,0.4333975613117218,0.331644425296,Upper Susquehanna
20671,0.0,0.37585056,0.8092481195926666,0.4333975613117218,0.764019393873,Upper Susquehanna
20672,0.0377192497253418,0.4711168,0.9045143723487854,0.4333975613117218,0.186046321987,Upper Susquehanna
20673,0.514906495809555,0.94830406,1.0,0.4333975613117218,0.891727056325,Upper Susquehanna
20674,0.47096195816993713,0.9043595,1.0,0.4333975613117218,0.9683,Upper Susquehanna
20675,0.07456234097480774,0.5079599,0.9413574635982513,0.4333975613117218,0.7973332076,Upper Susquehanna
20676,0.20689639449119568,0.64029396,1.0,0.4333975613117218,0.754533824803,Upper Susquehanna
20677,0.0319521427154541,0.4653497,0.8987472653388977,0.4333975613117218,0.711365291341,Upper Susquehanna
20678,0.21745547652244568,0.65085304,1.0,0.4333975613117218,0.513294429261,Upper Susquehanna
20679,0.0,0.3677147,0.8011122643947601,0.4333975613117218,0.612188271909,Upper Susquehanna
20680,0.10902711749076843,0.5424247,0.975822240114212,0.4333975613117218,0.819519347765,Upper Susquehanna
20681,0.14923545718193054,0.582633,1.0,0.4333975613117218,0.915643902412,Upper Susquehanna
20682,0.1208522617816925,0.5542498,0.9876473844051361,0.4333975613117218,0.685183256947,Upper Susquehanna
20683,0.0,0.3874273,0.8208248615264893,0.4333975613117218,0.0569641683846,Upper Susquehanna
20684,0.47289809584617615,0.90629566,1.0,0.4333975613117218,0.9815,Upper Susquehanna
20685,0.13689079880714417,0.57028836,1.0,0.4333975613117218,0.52575884903,Upper Susquehanna
20686,0.005040556192398071,0.43843812,0.8718356788158417,0.4333975613117218,0.660011091378,Upper Susquehanna
20687,0.028042495250701904,0.46144006,0.8948376178741455,0.4333975613117218,0.936402291878,Upper Susquehanna
20688,0.08053597807884216,0.51393354,0.9473311007022858,0.4333975613117218,0.724035733791,Upper Susquehanna
20689,0.043864667415618896,0.47726223,0.9106597900390625,0.4333975613117218,0.130434581002,Upper Susquehanna
20690,0.060398489236831665,0.49379605,0.9271936118602753,0.4333975613117218,0.612976862798,Upper Susquehanna
20691,0.10769054293632507,0.5410881,0.9744856655597687,0.4333975613117218,0.954,Upper Susquehanna
20692,0.08050617575645447,0.51390374,0.9473012983798981,0.4333975613117218,0.0670551784969,Upper Susquehanna
20693,0.5047487318515778,0.9381463,1.0,0.4333975613117218,0.8423,Upper Susquehanna
20694,0.0,0.34317473,0.7765722870826721,0.4333975613117218,0.0,Upper Susquehanna
20695,0.022594451904296875,0.455992,0.8893895745277405,0.4333975613117218,0.635679054054,Upper Susquehanna
20696,0.0,0.35174108,0.7851386368274689,0.4333975613117218,0.0483381495409,Upper Susquehanna
20697,0.032908737659454346,0.4663063,0.899703860282898,0.4333975613117218,0.863868592042,Upper Susquehanna
20698,0.09669741988182068,0.530095,0.9634925425052643,0.4333975613117218,0.434774966499,Upper Susquehanna
20699,0.12629887461662292,0.55969644,0.9930939972400665,0.4333975613117218,0.672274366752,Upper Susquehanna
20700,0.07585278153419495,0.50925034,0.9426479041576385,0.4333975613117218,0.930886727241,Upper Susquehanna
20701,0.2525605857372284,0.68595815,1.0,0.4333975613117218,0.953999407284,Upper Susquehanna
20702,0.2215525209903717,0.6549501,1.0,0.4333975613117218,0.794199801558,Upper Susquehanna
20703,0.14143964648246765,0.5748372,1.0,0.4333975613117218,0.724457292786,Upper Susquehanna
20704,0.03476622700691223,0.4681638,0.9015613496303558,0.4333975613117218,0.224137749663,Upper Susquehanna
20705,0.09636393189430237,0.5297615,0.963159054517746,0.4333975613117218,0.983937479273,Upper Susquehanna
20706,0.1543332040309906,0.58773077,1.0,0.4333975613117218,0.612188271909,Upper Susquehanna
20707,0.16713258624076843,0.60053015,1.0,0.4333975613117218,0.668648721969,Upper Susquehanna
20708,0.16860970854759216,0.60200727,1.0,0.4333975613117218,0.224137749663,Upper Susquehanna
20709,0.13035228848457336,0.56374985,0.997147411108017,0.4333975613117218,0.612188271909,Upper Susquehanna
20710,0.10662773251533508,0.5400253,0.9734228551387787,0.4333975613117218,0.587041335882,Upper Susquehanna
20711,0.10934469103813171,0.54274225,0.9761398136615753,0.4333975613117218,0.10999076604,Upper Susquehanna
20712,0.13122376799583435,0.5646213,0.998018890619278,0.4333975613117218,0.647350905738,Upper Susquehanna
20713,0.0,0.40284935,0.836246907711029,0.4333975613117218,0.224137749663,Upper Susquehanna
20714,0.07028791308403015,0.5036855,0.9370830357074738,0.4333975613117218,0.698089328158,Upper Susquehanna
20715,0.5202254951000214,0.95362306,1.0,0.4333975613117218,1.0,Upper Susquehanna
20716,0.0,0.38692743,0.8203249871730804,0.4333975613117218,0.508941483108,Upper Susquehanna
20717,0.11267092823982239,0.5460685,0.979466050863266,0.4333975613117218,0.0196439558077,Upper Susquehanna
20718,0.05771532654762268,0.4911129,0.9245104491710663,0.4333975613117218,0.68808129619,Upper Susquehanna
20719,0.0,0.39297843,0.8263759911060333,0.4333975613117218,0.00937843632513,Upper Susquehanna
20720,0.07629320025444031,0.50969076,0.9430883228778839,0.4333975613117218,0.610514340137,Upper Susquehanna
20721,0.22244378924369812,0.65584135,1.0,0.4333975613117218,0.941868155262,Upper Susquehanna
20722,0.05242651700973511,0.48582408,0.9192216396331787,0.4333975613117218,0.117347201315,Upper Susquehanna
20723,0.0333099365234375,0.4667075,0.9001050591468811,0.4333975613117218,0.5556629375,Upper Susquehanna
20724,0.07217594981193542,0.5055735,0.938971072435379,0.4333975613117218,0.724127278457,Upper Susquehanna
20725,0.09338083863258362,0.5267784,0.9601759612560272,0.4333975613117218,0.732253954315,Upper Susquehanna
20726,0.1810690462589264,0.6144666,1.0,0.4333975613117218,0.0344825366666,Upper Susquehanna
20727,0.056890517473220825,0.49028808,0.9236856400966644,0.4333975613117218,0.62707844315,Upper Susquehanna
20728,0.15183237195014954,0.58522993,1.0,0.4333975613117218,0.44634089384,Upper Susquehanna
20729,0.0,0.33205372,0.7654512822628021,0.4333975613117218,0.0,Upper Susquehanna
20730,0.06342804431915283,0.4968256,0.9302231669425964,0.4333975613117218,0.0789471558492,Upper Susquehanna
20731,0.0,0.40214583,0.8355433940887451,0.4333975613117218,0.0,Upper Susquehanna
20732,0.0,0.3362733,0.7696708738803864,0.4333975613117218,0.271781363515,Upper Susquehanna
20733,0.48587504029273987,0.9192726,1.0,0.4333975613117218,0.949420412844,Upper Susquehanna
20734,0.025172382593154907,0.45856994,0.8919675052165985,0.4333975613117218,0.40677952012,Upper Susquehanna
20735,0.0651300847530365,0.49852765,0.9319252073764801,0.4333975613117218,0.8648648315,Upper Susquehanna
20736,0.1306997835636139,0.56409734,0.9974949061870575,0.4333975613117218,0.988140218211,Upper Susquehanna
20737,0.12796810269355774,0.56136566,0.9947632253170013,0.4333975613117218,0.882881098089,Upper Susquehanna
20738,0.0,0.42037544,0.8537729978561401,0.4333975613117218,0.617311250451,Upper Susquehanna
20739,0.13666608929634094,0.57006365,1.0,0.4333975613117218,0.433321352484,Upper Susquehanna
20740,0.04299747943878174,0.47639504,0.9097926020622253,0.4333975613117218,0.53674502304,Upper Susquehanna
20741,0.0,0.42394865,0.8573462069034576,0.4333975613117218,0.885484959527,Upper Susquehanna
20742,0.0,0.42503455,0.8584321141242981,0.4333975613117218,0.532180690676,Upper Susquehanna
20743,0.04708835482597351,0.48048592,0.9138834774494171,0.4333975613117218,0.10999076604,Upper Susquehanna
20744,0.0,0.41100278,0.8444003462791443,0.4333975613117218,0.672899342979,Upper Susquehanna
20745,0.01696065068244934,0.4503582,0.8837557733058929,0.4333975613117218,0.542716833252,Upper Susquehanna
20746,0.10581538081169128,0.53921294,0.9726105034351349,0.4333975613117218,0.352393804679,Upper Susquehanna
20747,0.24795296788215637,0.6813505,1.0,0.4333975613117218,0.836013318311,Upper Susquehanna
20748,0.10830941796302795,0.541707,0.9751045405864716,0.4333975613117218,0.399782408007,Upper Susquehanna
20749,0.1718336045742035,0.60523117,1.0,0.4333975613117218,0.529688620518,Upper Susquehanna
20750,0.03366413712501526,0.4670617,0.9004592597484589,0.4333975613117218,0.0,Upper Susquehanna
20751,0.2190275490283966,0.6524251,1.0,0.4333975613117218,0.884825423352,Upper Susquehanna
20752,0.39841166138648987,0.8318092,1.0,0.4333975613117218,0.186046321987,Upper Susquehanna
20753,0.46359553933143616,0.8969931,1.0,0.4333975613117218,0.186046321987,Upper Susquehanna
20754,0.0,0.39086917,0.8242667317390442,0.4333975613117218,0.844879487826,Upper Susquehanna
20755,0.1329563558101654,0.5663539,0.999751478433609,0.4333975613117218,0.0,Upper Susquehanna
20756,0.0,0.3975889,0.8309864699840546,0.4333975613117218,0.762835607828,Upper Susquehanna
20757,0.05058053135871887,0.4839781,0.9173756539821625,0.4333975613117218,0.0,Upper Susquehanna
20758,0.0,0.39250168,0.8258992433547974,0.4333975613117218,0.930894387506,Upper Susquehanna
20759,0.1461685597896576,0.5795661,1.0,0.4333975613117218,0.0,Upper Susquehanna
20760,0.3521824777126312,0.78558004,1.0,0.4333975613117218,0.982509642552,Upper Susquehanna
20761,0.06658017635345459,0.49997774,0.9333752989768982,0.4333975613117218,0.0239684322117,Upper Susquehanna
20762,0.02077782154083252,0.45417538,0.8875729441642761,0.4333975613117218,0.271781363515,Upper Susquehanna
20763,0.0,0.35471508,0.7881126403808594,0.4333975613117218,0.0344825366666,Upper Susquehanna
20764,0.23216822743415833,0.6655658,1.0,0.4333975613117218,0.874474969522,Upper Susquehanna
20765,0.4591025412082672,0.8925001,1.0,0.4333975613117218,0.622755731905,Upper Susquehanna
20766,0.12702390551567078,0.56042147,0.9938190281391144,0.4333975613117218,0.0,Upper Susquehanna
20767,0.22870126366615295,0.6620988,1.0,0.4333975613117218,0.752522156569,Upper Susquehanna
20768,0.10621324181556702,0.5396108,0.9730083644390106,0.4333975613117218,0.652226378846,Upper Susquehanna
20769,0.0,0.36822367,0.8016212284564972,0.4333975613117218,0.0,Upper Susquehanna
20770,0.12112322449684143,0.5545208,0.987918347120285,0.4333975613117218,0.0,Upper Susquehanna
20771,0.0,0.35128602,0.7846835851669312,0.4333975613117218,0.0,Upper Susquehanna
20772,0.0,0.3729632,0.8063607513904572,0.4333975613117218,0.0,Upper Susquehanna
20773,0.17435136437416077,0.6077489,1.0,0.4333975613117218,0.761657656221,Upper Susquehanna
20774,0.09649375081062317,0.5298913,0.9632888734340668,0.4333975613117218,0.721624249015,Upper Susquehanna
20775,0.0,0.41859245,0.8519900143146515,0.4333975613117218,0.0569641683846,Upper Susquehanna
20776,0.0,0.35304427,0.786441832780838,0.4333975613117218,0.0,Upper Susquehanna
20777,0.021531760692596436,0.45492932,0.88832688331604,0.4333975613117218,0.0,Upper Susquehanna
20778,0.056523412466049194,0.48992097,0.9233185350894928,0.4333975613117218,0.751665864453,Upper Susquehanna
20779,0.03377354145050049,0.4671711,0.9005686640739441,0.4333975613117218,0.813809356216,Upper Susquehanna
20780,0.1960035264492035,0.6294011,1.0,0.4333975613117218,0.9747999892,Upper Susquehanna
20781,0.4945056736469269,0.92790323,1.0,0.4333975613117218,0.8598,Upper Susquehanna
20782,0.10155752301216125,0.5349551,0.9683526456356049,0.4333975613117218,0.633555076091,Upper Susquehanna
20783,0.12614867091178894,0.55954623,0.9929437935352325,0.4333975613117218,0.674323027756,Upper Susquehanna
20784,0.0,0.3516999,0.7850974500179291,0.4333975613117218,0.0,Upper Susquehanna
20785,0.086171954870224,0.5195695,0.9529670774936676,0.4333975613117218,0.728113845865,Upper Susquehanna
20786,0.16470274329185486,0.5981003,1.0,0.4333975613117218,0.983611634147,Upper Susquehanna
20787,0.09799966216087341,0.5313972,0.964794784784317,0.4333975613117218,0.590249735986,Upper Susquehanna
20788,0.04246330261230469,0.47586086,0.9092584252357483,0.4333975613117218,0.0409137007582,Upper Susquehanna
20789,0.0,0.36309978,0.7964973449707031,0.4333975613117218,0.0,Upper Susquehanna
20790,0.5479482710361481,0.98134583,1.0,0.4333975613117218,1.0,Upper Susquehanna
20791,0.0,0.34882346,0.7822210192680359,0.4333975613117218,0.0,Upper Susquehanna
20792,0.5226670205593109,0.9560646,1.0,0.4333975613117218,0.689877151788,Upper Susquehanna
20793,0.0,0.38846886,0.8218664228916168,0.4333975613117218,0.0,Upper Susquehanna
20794,0.0,0.42355484,0.8569523990154266,0.4333975613117218,0.0124151233069,Upper Susquehanna
20795,0.33708885312080383,0.7704864,1.0,0.4333975613117218,0.748592342,Upper Susquehanna
20796,0.06053158640861511,0.49392915,0.9273267090320587,0.4333975613117218,0.906285540437,Upper Susquehanna
20797,0.13135316967964172,0.56475073,0.9981482923030853,0.4333975613117218,0.680944332609,Upper Susquehanna
20798,0.16669520735740662,0.60009277,1.0,0.4333975613117218,0.827471495779,Upper Susquehanna
20799,0.0,0.39241675,0.8258143067359924,0.4333975613117218,0.00665709527127,Upper Susquehanna
20800,0.2572045624256134,0.6906021,1.0,0.4333975613117218,0.646092812098,Upper Susquehanna
20801,0.0,0.42414576,0.8575433194637299,0.4333975613117218,0.0158169973302,Upper Susquehanna
20802,0.24425455927848816,0.6776521,1.0,0.4333975613117218,0.980748615823,Upper Susquehanna
20803,0.0,0.3957574,0.8291549682617188,0.4333975613117218,0.0,Upper Susquehanna
20804,0.005900442600250244,0.439298,0.8726955652236938,0.4333975613117218,0.391054707834,Upper Susquehanna
20805,0.21374717354774475,0.64714473,1.0,0.4333975613117218,0.764243125884,Upper Susquehanna
20806,0.03156355023384094,0.4649611,0.8983586728572845,0.4333975613117218,0.00937843632513,Upper Susquehanna
20807,0.062339603900909424,0.49573717,0.929134726524353,0.4333975613117218,0.679693374045,Upper Susquehanna
20808,0.14344510436058044,0.57684267,1.0,0.4333975613117218,0.929938383083,Upper Susquehanna
20809,0.019830286502838135,0.45322785,0.8866254091262817,0.4333975613117218,0.186046321987,Upper Susquehanna
20810,0.03716975450515747,0.47056732,0.9039648771286011,0.4333975613117218,0.541508712537,Upper Susquehanna
20811,0.2527049481868744,0.6861025,1.0,0.4333975613117218,0.0483381495409,Upper Susquehanna
20812,0.05207088589668274,0.48546845,0.9188660085201263,0.4333975613117218,0.699492126951,Upper Susquehanna
20813,0.09944412112236023,0.5328417,0.9662392437458038,0.4333975613117218,0.543581836852,Upper Susquehanna
20814,0.06684812903404236,0.5002457,0.933643251657486,0.4333975613117218,0.678191609016,Upper Susquehanna
20815,0.0,0.38555327,0.8189508318901062,0.4333975613117218,0.722956476886,Upper Susquehanna
20816,0.16310331225395203,0.5965009,1.0,0.4333975613117218,0.331644425296,Upper Susquehanna
20817,0.0,0.3582717,0.7916692495346069,0.4333975613117218,0.782652128098,Upper Susquehanna
20818,0.0,0.36801532,0.8014128804206848,0.4333975613117218,0.0,Upper Susquehanna
20819,0.5019271075725555,0.93532467,1.0,0.4333975613117218,0.887510439719,Upper Susquehanna
20820,0.2611445486545563,0.6945421,1.0,0.4333975613117218,0.622216565115,Upper Susquehanna
20821,0.05852755904197693,0.49192512,0.9253226816654205,0.4333975613117218,0.566276837785,Upper Susquehanna
20822,0.09462818503379822,0.52802575,0.9614233076572418,0.4333975613117218,0.69492257,Upper Susquehanna
20823,0.06878355145454407,0.5021811,0.9355786740779877,0.4333975613117218,0.292005512697,Upper Susquehanna
20824,0.042143315076828,0.47554088,0.9089384377002716,0.4333975613117218,0.0344825366666,Upper Susquehanna
20825,0.05870106816291809,0.49209863,0.9254961907863617,0.4333975613117218,0.900800031348,Upper Susquehanna
20826,0.24756112694740295,0.6809587,1.0,0.4333975613117218,0.667105610108,Upper Susquehanna
20827,0.04236122965812683,0.4757588,0.9091563522815704,0.4333975613117218,0.40677952012,Upper Susquehanna
20828,0.12278321385383606,0.5561808,0.9895783364772797,0.4333975613117218,0.587525441448,Upper Susquehanna
20829,0.10438939929008484,0.53778696,0.9711845219135284,0.4333975613117218,0.0124151233069,Upper Susquehanna
20830,0.0,0.35952985,0.7929274141788483,0.4333975613117218,0.186046321987,Upper Susquehanna
20831,0.23856642842292786,0.671964,1.0,0.4333975613117218,0.943716001721,Upper Susquehanna
20832,0.0,0.38420996,0.8176075220108032,0.4333975613117218,0.224137749663,Upper Susquehanna
20833,0.11092635989189148,0.5443239,0.9777214825153351,0.4333975613117218,0.727099781428,Upper Susquehanna
20834,0.0,0.38839048,0.8217880427837372,0.4333975613117218,0.0,Upper Susquehanna
20835,0.0,0.3647629,0.7981604635715485,0.4333975613117218,0.832630020555,Upper Susquehanna
20836,0.1851879060268402,0.61858547,1.0,0.4333975613117218,0.829300670721,Upper Susquehanna
20837,0.2726561725139618,0.70605373,1.0,0.4333975613117218,0.965779407171,Upper Susquehanna
20838,0.3770734369754791,0.810471,1.0,0.4333975613117218,0.932162481414,Upper Susquehanna
20839,0.03820100426673889,0.47159857,0.9049961268901825,0.4333975613117218,0.627134922789,Upper Susquehanna
20840,0.0,0.38574076,0.8191383183002472,0.4333975613117218,0.0,Upper Susquehanna
20841,0.0,0.4299715,0.8633690476417542,0.4333975613117218,0.186046321987,Upper Susquehanna
20842,0.10460004210472107,0.5379976,0.9713951647281647,0.4333975613117218,0.261718084586,Upper Susquehanna
20843,0.0,0.34596384,0.7793613970279694,0.4333975613117218,0.186046321987,Upper Susquehanna
20844,0.4802205264568329,0.9136181,1.0,0.4333975613117218,0.8953,Upper Susquehanna
20845,0.12097939848899841,0.55437696,0.987774521112442,0.4333975613117218,0.0,Upper Susquehanna
20846,0.0,0.36901096,0.8024085164070129,0.4333975613117218,0.582686950805,Upper Susquehanna
20847,0.0,0.41024998,0.8436475396156311,0.4333975613117218,0.465607197848,Upper Susquehanna
20848,0.16266438364982605,0.59606194,1.0,0.4333975613117218,0.271781363515,Upper Susquehanna
20849,0.31598612666130066,0.7493837,1.0,0.4333975613117218,0.715800636267,Upper Susquehanna
20850,0.14473649859428406,0.57813406,1.0,0.4333975613117218,0.224137749663,Upper Susquehanna
20851,0.5277040898799896,0.96110165,1.0,0.4333975613117218,0.9936,Upper Susquehanna
20852,0.22865155339241028,0.6620491,1.0,0.4333975613117218,0.650235468993,Upper Susquehanna
20853,0.0,0.3754931,0.8088906705379486,0.4333975613117218,0.0930722388655,Upper Susquehanna
20854,0.048895448446273804,0.482293,0.9156905710697174,0.4333975613117218,0.905443224621,Upper Susquehanna
20855,0.1270313560962677,0.5604289,0.9938264787197113,0.4333975613117218,0.648604694369,Upper Susquehanna
20856,0.11784318089485168,0.55124074,0.9846383035182953,0.4333975613117218,0.549844576816,Upper Susquehanna
20857,0.13222286105155945,0.5656204,0.999017983675003,0.4333975613117218,0.678451435126,Upper Susquehanna
20858,0.09683164954185486,0.5302292,0.9636267721652985,0.4333975613117218,0.553148620449,Upper Susquehanna
20859,0.2829127013683319,0.71631026,1.0,0.4333975613117218,0.0483381495409,Upper Susquehanna
20860,0.23745188117027283,0.67084944,1.0,0.4333975613117218,0.491337975423,Upper Susquehanna
20861,0.03619813919067383,0.4695957,0.9029932618141174,0.4333975613117218,0.822897675709,Upper Susquehanna
20862,0.5530042350292206,0.9864018,1.0,0.4333975613117218,0.995200102582,Upper Susquehanna
20863,0.14252373576164246,0.5759213,1.0,0.4333975613117218,0.663554088207,Upper Susquehanna
20864,0.03718891739845276,0.47058648,0.9039840400218964,0.4333975613117218,0.389489513569,Upper Susquehanna
20865,0.0,0.4028484,0.8362459540367126,0.4333975613117218,0.0670551784969,Upper Susquehanna
20866,0.04297977685928345,0.47637734,0.909774899482727,0.4333975613117218,0.0,Upper Susquehanna
20867,0.2196427285671234,0.6530403,1.0,0.4333975613117218,0.917357075472,Upper Susquehanna
20868,0.09026756882667542,0.52366513,0.957062691450119,0.4333975613117218,0.40677952012,Upper Susquehanna
20869,0.08510223031044006,0.5184998,0.9518973529338837,0.4333975613117218,0.612188271909,Upper Susquehanna
20870,0.3457721173763275,0.7791697,1.0,0.4333975613117218,0.40677952012,Upper Susquehanna
20871,0.0,0.37274224,0.8061397969722748,0.4333975613117218,0.0,Upper Susquehanna
20872,0.5275805294513702,0.9609781,1.0,0.4333975613117218,0.980127516779,Upper Susquehanna
20873,0.016245752573013306,0.4496433,0.8830408751964569,0.4333975613117218,0.406752737907,Upper Susquehanna
20874,0.15780386328697205,0.5912014,1.0,0.4333975613117218,0.186046321987,Upper Susquehanna
20875,0.11300507187843323,0.54640263,0.9798001945018768,0.4333975613117218,0.186046321987,Upper Susquehanna
20876,0.3122892677783966,0.7456868,1.0,0.4333975613117218,0.955058968846,Upper Susquehanna
20877,0.016441702842712402,0.44983926,0.883236825466156,0.4333975613117218,0.0,Upper Susquehanna
20878,0.13326206803321838,0.5666596,1.0,0.4333975613117218,0.0670551784969,Upper Susquehanna
20879,0.2715429961681366,0.70494056,1.0,0.4333975613117218,0.948104283619,Upper Susquehanna
20880,0.12515553832054138,0.5585531,0.991950660943985,0.4333975613117218,0.272296511697,Upper Susquehanna
20881,0.22843411564826965,0.6618317,1.0,0.4333975613117218,0.0,Upper Susquehanna
20882,0.12745139002799988,0.56084895,0.9942465126514435,0.4333975613117218,0.81101271518,Upper Susquehanna
20883,0.010419607162475586,0.44381717,0.8772147297859192,0.4333975613117218,0.904488808965,Upper Susquehanna
20884,0.24391451478004456,0.6773121,1.0,0.4333975613117218,0.155364781803,Upper Susquehanna
20885,0.0,0.3160549,0.7494524717330933,0.4333975613117218,0.0,Upper Susquehanna
20886,0.0,0.42488036,0.8582779169082642,0.4333975613117218,0.0,Upper Susquehanna
20887,0.0,0.38273022,0.8161277770996094,0.4333975613117218,0.0930722388655,Upper Susquehanna
20888,0.2058117687702179,0.63920933,1.0,0.4333975613117218,0.00937843632513,Upper Susquehanna
20889,0.0,0.3521913,0.7855888605117798,0.4333975613117218,0.0196439558077,Upper Susquehanna
20890,0.016427814960479736,0.44982538,0.8832229375839233,0.4333975613117218,0.155364781803,Upper Susquehanna
20891,0.15496549010276794,0.58836305,1.0,0.4333975613117218,0.676999130421,Upper Susquehanna
20892,0.0,0.39636207,0.8297596275806427,0.4333975613117218,0.650460190259,Upper Susquehanna
20893,0.14613381028175354,0.5795314,1.0,0.4333975613117218,0.688729618276,Upper Susquehanna
20894,0.1663985550403595,0.5997961,1.0,0.4333975613117218,0.658160693933,Upper Susquehanna
20895,0.0019394755363464355,0.43533704,0.86873459815979,0.4333975613117218,0.0020001781057,Upper Susquehanna
20896,0.21862486004829407,0.6520224,1.0,0.4333975613117218,0.470663660853,Upper Susquehanna
20897,0.5110625326633453,0.9444601,1.0,0.4333975613117218,0.959,Upper Susquehanna
20898,0.2279423177242279,0.6613399,1.0,0.4333975613117218,0.835808893449,Upper Susquehanna
20899,0.09188452363014221,0.5252821,0.9586796462535858,0.4333975613117218,0.764727593222,Upper Susquehanna
20900,0.0,0.35112137,0.7845189273357391,0.4333975613117218,0.0,Upper Susquehanna
20901,0.0,0.36306068,0.7964582443237305,0.4333975613117218,0.0,Upper Susquehanna
20902,0.11037895083427429,0.5437765,0.9771740734577179,0.4333975613117218,0.224137749663,Upper Susquehanna
20903,0.0,0.38771287,0.8211104273796082,0.4333975613117218,0.0483381495409,Upper Susquehanna
20904,0.0,0.35113493,0.7845324873924255,0.4333975613117218,0.617444189962,Upper Susquehanna
20905,0.47209998965263367,0.90549755,1.0,0.4333975613117218,0.955,Upper Susquehanna
20906,0.1872958242893219,0.6206934,1.0,0.4333975613117218,0.661083289916,Upper Susquehanna
20907,0.0,0.33207816,0.76547572016716,0.4333975613117218,0.56513809442,Upper Susquehanna
20908,0.0,0.3809083,0.8143058717250824,0.4333975613117218,0.0,Upper Susquehanna
20909,0.5209559500217438,0.9543535,1.0,0.4333975613117218,0.8795,Upper Susquehanna
20910,0.021914303302764893,0.45531186,0.8887094259262085,0.4333975613117218,0.0,Upper Susquehanna
20911,0.47470107674598694,0.90809864,1.0,0.4333975613117218,0.861275964262,Upper Susquehanna
20912,0.07927665114402771,0.5126742,0.9460717737674713,0.4333975613117218,0.739774192001,Upper Susquehanna
20913,0.09107407927513123,0.52447164,0.9578692018985748,0.4333975613117218,0.183209979154,Upper Susquehanna
20914,0.4861336648464203,0.9195312,1.0,0.4333975613117218,0.974843902439,Upper Susquehanna
20915,0.1529933512210846,0.5863909,1.0,0.4333975613117218,0.658683348652,Upper Susquehanna
20916,0.41603389382362366,0.84943146,1.0,0.4333975613117218,0.86968,Upper Susquehanna
20917,0.0,0.374456,0.8078535497188568,0.4333975613117218,0.0,Upper Susquehanna
20918,0.2644359767436981,0.69783354,1.0,0.4333975613117218,0.694541776561,Upper Susquehanna
20919,0.2869134843349457,0.72031105,1.0,0.4333975613117218,0.811649382416,Upper Susquehanna
20920,0.26916369795799255,0.70256126,1.0,0.4333975613117218,0.426533067351,Upper Susquehanna
20921,0.025923073291778564,0.45932063,0.8927181959152222,0.4333975613117218,0.954478188783,Upper Susquehanna
20922,0.5642878711223602,0.99768543,1.0,0.4333975613117218,0.955434782609,Upper Susquehanna
20923,0.1557842195034027,0.5891818,1.0,0.4333975613117218,0.547783987953,Upper Susquehanna
20924,0.14607354998588562,0.5794711,1.0,0.4333975613117218,0.769609603675,Upper Susquehanna
20925,0.15476271510124207,0.5881603,1.0,0.4333975613117218,0.601014314779,Upper Susquehanna
20926,0.0,0.3916124,0.8250099718570709,0.4333975613117218,0.0239684322117,Upper Susquehanna
20927,0.19964537024497986,0.63304293,1.0,0.4333975613117218,0.714624239985,Upper Susquehanna
20928,0.21428808569908142,0.64768565,1.0,0.4333975613117218,0.665323178218,Upper Susquehanna
20929,0.061317235231399536,0.4947148,0.9281123578548431,0.4333975613117218,0.811963262795,Upper Susquehanna
20930,0.0,0.39329723,0.8266947865486145,0.4333975613117218,0.0124151233069,Upper Susquehanna
20931,0.36214467883110046,0.79554224,1.0,0.4333975613117218,0.867561262424,Upper Susquehanna
20932,0.0623396635055542,0.49573722,0.9291347861289978,0.4333975613117218,0.654743554695,Upper Susquehanna
20933,0.07708922028541565,0.5104868,0.9438843429088593,0.4333975613117218,0.0344825366666,Upper Susquehanna
20934,0.0,0.41651335,0.8499109148979187,0.4333975613117218,0.186046321987,Upper Susquehanna
20935,0.10315379500389099,0.53655136,0.9699489176273346,0.4333975613117218,0.130434581002,Upper Susquehanna
20936,0.0,0.38072106,0.8141186237335205,0.4333975613117218,0.559870085602,Upper Susquehanna
20937,0.21940740942955017,0.652805,1.0,0.4333975613117218,0.544582204812,Upper Susquehanna
20938,0.23159489035606384,0.66499245,1.0,0.4333975613117218,0.842295382833,Upper Susquehanna
20939,0.2386169731616974,0.67201453,1.0,0.4333975613117218,0.6068496478,Upper Susquehanna
20940,0.24338212609291077,0.6767797,1.0,0.4333975613117218,0.721912274182,Upper Susquehanna
20941,0.0387723445892334,0.4721699,0.905567467212677,0.4333975613117218,0.186046321987,Upper Susquehanna
20942,0.39986351132392883,0.8332611,1.0,0.4333975613117218,0.766706512845,Upper Susquehanna
20943,0.1224503219127655,0.5558479,0.9892454445362091,0.4333975613117218,0.0239684322117,Upper Susquehanna
20944,0.42212650179862976,0.85552406,1.0,0.4333975613117218,1.0,Upper Susquehanna
20945,0.5569474399089813,0.990345,1.0,0.4333975613117218,0.907943318925,Upper Susquehanna
20946,0.0,0.34621143,0.7796089947223663,0.4333975613117218,0.0196439558077,Upper Susquehanna
20947,0.3494994342327118,0.782897,1.0,0.4333975613117218,0.781606615987,Upper Susquehanna
20948,0.23061028122901917,0.66400784,1.0,0.4333975613117218,0.70832741646,Upper Susquehanna
20949,0.19137737154960632,0.62477493,1.0,0.4333975613117218,0.10999076604,Upper Susquehanna
20950,0.062094807624816895,0.49549237,0.9288899302482605,0.4333975613117218,0.444669240097,Upper Susquehanna
20951,0.0,0.39890826,0.8323058187961578,0.4333975613117218,0.491093881687,Upper Susquehanna
20952,0.044952392578125,0.47834995,0.9117475152015686,0.4333975613117218,0.155364781803,Upper Susquehanna
20953,0.0,0.36463547,0.7980330288410187,0.4333975613117218,0.775430849026,Upper Susquehanna
20954,0.0,0.40585518,0.8392527401447296,0.4333975613117218,0.155364781803,Upper Susquehanna
20955,0.06522238254547119,0.49861994,0.9320175051689148,0.4333975613117218,0.831490941514,Upper Susquehanna
20956,0.19860288500785828,0.63200045,1.0,0.4333975613117218,0.716218507877,Upper Susquehanna
20957,0.0,0.40470448,0.8381020426750183,0.4333975613117218,0.605901666634,Upper Susquehanna
20958,0.0,0.42128068,0.8546782433986664,0.4333975613117218,0.0670551784969,Upper Susquehanna
20959,0.01505538821220398,0.44845295,0.8818505108356476,0.4333975613117218,0.896586006612,Upper Susquehanna
20960,0.035006046295166016,0.4684036,0.9018011689186096,0.4333975613117218,0.961989476137,Upper Susquehanna
20961,0.1479809582233429,0.5813785,1.0,0.4333975613117218,0.551998711467,Upper Susquehanna
20962,0.233676940202713,0.6670745,1.0,0.4333975613117218,0.498584287283,Upper Susquehanna
20963,0.10965439677238464,0.54305196,0.9764495193958282,0.4333975613117218,0.458141996386,Upper Susquehanna
20964,0.048843055963516235,0.48224062,0.9156381785869598,0.4333975613117218,0.0,Upper Susquehanna
20965,0.0,0.34651342,0.7799109816551208,0.4333975613117218,0.0,Upper Susquehanna
20966,0.02947196364402771,0.46286952,0.8962670862674713,0.4333975613117218,0.186046321987,Upper Susquehanna
20967,0.0,0.41924703,0.8526445925235748,0.4333975613117218,0.224137749663,Upper Susquehanna
20968,0.0,0.37070537,0.8041029274463654,0.4333975613117218,0.0,Upper Susquehanna
20969,0.1136949360370636,0.5470925,0.9804900586605072,0.4333975613117218,0.696521277296,Upper Susquehanna
20970,0.08182236552238464,0.5152199,0.9486174881458282,0.4333975613117218,0.714776811268,Upper Susquehanna
20971,0.16564950346946716,0.59904706,1.0,0.4333975613117218,0.733152007077,Upper Susquehanna
20972,0.2194807231426239,0.6528783,1.0,0.4333975613117218,0.76407137113,Upper Susquehanna
20973,0.057856589555740356,0.49125415,0.924651712179184,0.4333975613117218,0.853778080841,Upper Susquehanna
20974,0.17621704936027527,0.6096146,1.0,0.4333975613117218,0.499999880289,Upper Susquehanna
20975,0.04777330160140991,0.48117086,0.9145684242248535,0.4333975613117218,0.00665709527127,Upper Susquehanna
20976,0.5253826677799225,0.9587802,1.0,0.4333975613117218,0.999883976631,Upper Susquehanna
20977,0.22650936245918274,0.6599069,1.0,0.4333975613117218,0.603206706524,Upper Susquehanna
20978,0.0,0.36679852,0.8001960813999176,0.4333975613117218,0.0,Upper Susquehanna
20979,0.024871885776519775,0.45826945,0.8916670083999634,0.4333975613117218,0.802003063994,Upper Susquehanna
20980,0.0,0.43061346,0.8640110194683075,0.4333975613117218,0.751636602183,Upper Susquehanna
20981,0.0,0.38323352,0.8166310787200928,0.4333975613117218,0.40677952012,Upper Susquehanna
20982,0.16322031617164612,0.5966179,1.0,0.4333975613117218,0.852562596251,Upper Susquehanna
20983,0.057064980268478394,0.49046254,0.923860102891922,0.4333975613117218,0.784400630365,Upper Susquehanna
20984,0.18697628378868103,0.62037385,1.0,0.4333975613117218,0.763804891042,Upper Susquehanna
20985,0.14849117398262024,0.58188874,1.0,0.4333975613117218,0.0344825366666,Upper Susquehanna
20986,0.38185927271842957,0.81525683,1.0,0.4333975613117218,0.867839235731,Upper Susquehanna
20987,0.0,0.37500396,0.8084015250205994,0.4333975613117218,0.503506546363,Upper Susquehanna
20988,0.0,0.38663274,0.8200303018093109,0.4333975613117218,0.417522016389,Upper Susquehanna
20989,0.0,0.40515473,0.8385522961616516,0.4333975613117218,0.0,Upper Susquehanna
20990,0.049221307039260864,0.48261887,0.9160164296627045,0.4333975613117218,0.550790215009,Upper Susquehanna
20991,0.08444765210151672,0.5178452,0.9512427747249603,0.4333975613117218,0.331644425296,Upper Susquehanna
20992,0.22565749287605286,0.65905505,1.0,0.4333975613117218,0.8648648315,Upper Susquehanna
20993,0.1199198067188263,0.55331737,0.9867149293422699,0.4333975613117218,0.653270940873,Upper Susquehanna
20994,0.17994162440299988,0.6133392,1.0,0.4333975613117218,0.852085083793,Upper Susquehanna
20995,0.06587386131286621,0.49927142,0.9326689839363098,0.4333975613117218,0.89409361394,Upper Susquehanna
20996,0.06080007553100586,0.49419764,0.9275951981544495,0.4333975613117218,0.465038820311,Upper Susquehanna
20997,0.26037272810935974,0.6937703,1.0,0.4333975613117218,0.10999076604,Upper Susquehanna
20998,0.2080388367176056,0.6414364,1.0,0.4333975613117218,0.695704913035,Upper Susquehanna
20999,0.05186045169830322,0.485258,0.9186555743217468,0.4333975613117218,0.635367766108,Upper Susquehanna
21000,0.0,0.3902671,0.823664665222168,0.4333975613117218,0.511448503549,Upper Susquehanna
21001,0.30366119742393494,0.73705876,1.0,0.4333975613117218,0.878692518485,Upper Susquehanna
21002,0.06449827551841736,0.49789584,0.931293398141861,0.4333975613117218,0.739685313232,Upper Susquehanna
21003,0.1541936695575714,0.58759123,1.0,0.4333975613117218,0.224137749663,Upper Susquehanna
21004,0.10889950394630432,0.54229707,0.9756946265697479,0.4333975613117218,0.40677952012,Upper Susquehanna
21005,0.11184641718864441,0.545244,0.978641539812088,0.4333975613117218,0.0,Upper Susquehanna
21006,0.016063690185546875,0.44946125,0.8828588128089905,0.4333975613117218,0.428709012964,Upper Susquehanna
21007,0.20344242453575134,0.63684,1.0,0.4333975613117218,0.649262965019,Upper Susquehanna
21008,0.12151774764060974,0.5549153,0.9883128702640533,0.4333975613117218,0.0,Upper Susquehanna
21009,0.0,0.40176654,0.8351640999317169,0.4333975613117218,0.760979458479,Upper Susquehanna
21010,0.527369886636734,0.96076745,1.0,0.4333975613117218,1.0,Upper Susquehanna
21011,0.14373835921287537,0.5771359,1.0,0.4333975613117218,0.004209381227,Upper Susquehanna
21012,0.0697689950466156,0.50316656,0.9365641176700592,0.4333975613117218,0.0,Upper Susquehanna
21013,0.111745685338974,0.54514325,0.9785408079624176,0.4333975613117218,0.690781374215,Upper Susquehanna
21014,0.10852214694023132,0.5419197,0.9753172695636749,0.4333975613117218,0.0,Upper Susquehanna
21015,0.16916784644126892,0.6025654,1.0,0.4333975613117218,0.690647115601,Upper Susquehanna
21016,0.18553754687309265,0.6189351,1.0,0.4333975613117218,0.934332269605,Upper Susquehanna
21017,0.0,0.3525273,0.7859248518943787,0.4333975613117218,0.612188271909,Upper Susquehanna
21018,0.0,0.33400205,0.7673996090888977,0.4333975613117218,0.0569641683846,Upper Susquehanna
21019,0.0966215431690216,0.5300191,0.9634166657924652,0.4333975613117218,0.612188271909,Upper Susquehanna
21020,0.11991360783576965,0.55331117,0.9867087304592133,0.4333975613117218,0.716531233463,Upper Susquehanna
21021,0.08956977725028992,0.52296734,0.9563648998737335,0.4333975613117218,0.0,Upper Susquehanna
21022,0.005508869886398315,0.43890643,0.8723039925098419,0.4333975613117218,0.387065551388,Upper Susquehanna
21023,0.12180712819099426,0.5552047,0.9886022508144379,0.4333975613117218,0.933845661943,Upper Susquehanna
21024,0.07853475213050842,0.5119323,0.945329874753952,0.4333975613117218,0.902332482669,Upper Susquehanna
21025,0.17610737681388855,0.60950494,1.0,0.4333975613117218,0.224137749663,Upper Susquehanna
21026,0.11543771624565125,0.5488353,0.9822328388690948,0.4333975613117218,0.70450856595,Upper Susquehanna
21027,0.11183395981788635,0.5452315,0.97862908244133,0.4333975613117218,0.728662795087,Upper Susquehanna
21028,0.04084897041320801,0.47424653,0.9076440930366516,0.4333975613117218,0.797622235015,Upper Susquehanna
21029,0.49142780900001526,0.9248254,1.0,0.4333975613117218,0.940799999993,Upper Susquehanna
21030,0.17700740694999695,0.61040497,1.0,0.4333975613117218,0.429517172091,Upper Susquehanna
21031,0.20074918866157532,0.63414675,1.0,0.4333975613117218,0.224137749663,Upper Susquehanna
21032,0.13617917895317078,0.56957674,1.0,0.4333975613117218,0.547350574131,Upper Susquehanna
21033,0.1195458471775055,0.5529434,0.9863409698009491,0.4333975613117218,0.0288785990663,Upper Susquehanna
21034,0.03579831123352051,0.46919587,0.9025934338569641,0.4333975613117218,0.445453123378,Upper Susquehanna
21035,0.0,0.39341182,0.8268093764781952,0.4333975613117218,0.582511999966,Upper Susquehanna
21036,0.31750378012657166,0.75090134,1.0,0.4333975613117218,0.879561287444,Upper Susquehanna
21037,0.5045414865016937,0.93793905,1.0,0.4333975613117218,0.955,Upper Susquehanna
21038,0.1745157539844513,0.6079133,1.0,0.4333975613117218,0.527163538802,Upper Susquehanna
21039,0.4255146086215973,0.85891217,1.0,0.4333975613117218,0.955,Upper Susquehanna
21040,0.5105322301387787,0.9439298,1.0,0.4333975613117218,0.884,Upper Susquehanna
21041,0.12994632124900818,0.5633439,0.9967414438724518,0.4333975613117218,0.88388344901,Upper Susquehanna
21042,0.025750309228897095,0.45914787,0.8925454318523407,0.4333975613117218,0.40677952012,Upper Susquehanna
21043,0.10243043303489685,0.535828,0.9692255556583405,0.4333975613117218,0.40677952012,Upper Susquehanna
21044,0.05702763795852661,0.4904252,0.9238227605819702,0.4333975613117218,0.0158169973302,Upper Susquehanna
21045,0.10854557156562805,0.54194313,0.9753406941890717,0.4333975613117218,0.514810132955,Upper Susquehanna
21046,0.11077633500099182,0.5441739,0.9775714576244354,0.4333975613117218,0.946066292135,Upper Susquehanna
21047,0.40419599413871765,0.83759356,1.0,0.4333975613117218,0.831606676652,Upper Susquehanna
21048,0.012946367263793945,0.44634393,0.8797414898872375,0.4333975613117218,0.0930722388655,Upper Susquehanna
21049,0.09566333889961243,0.5290609,0.962458461523056,0.4333975613117218,0.921355018231,Upper Susquehanna
21050,0.0,0.4051242,0.8385217487812042,0.4333975613117218,0.0239684322117,Upper Susquehanna
21051,0.19155922532081604,0.6249568,1.0,0.4333975613117218,0.499999880289,Upper Susquehanna
21052,0.44717273116111755,0.8805703,1.0,0.4333975613117218,0.838,Upper Susquehanna
21053,0.10381492972373962,0.5372125,0.9706100523471832,0.4333975613117218,0.614149246462,Upper Susquehanna
21054,0.2478308379650116,0.6812284,1.0,0.4333975613117218,0.957943623282,Upper Susquehanna
21055,0.0,0.3742732,0.8076707720756531,0.4333975613117218,0.0930722388655,Upper Susquehanna
21056,0.046935826539993286,0.4803334,0.9137309491634369,0.4333975613117218,0.224137749663,Upper Susquehanna
21057,0.09746125340461731,0.5308588,0.9642563760280609,0.4333975613117218,0.706701696941,Upper Susquehanna
21058,0.054173678159713745,0.48757124,0.9209688007831573,0.4333975613117218,0.468695217643,Upper Susquehanna
21059,0.20874717831611633,0.64214474,1.0,0.4333975613117218,0.130434581002,Upper Susquehanna
21060,0.0,0.37419578,0.8075933456420898,0.4333975613117218,0.551696664403,Upper Susquehanna
21061,0.1607515513896942,0.5941491,1.0,0.4333975613117218,0.170339878215,Upper Susquehanna
21062,0.09621521830558777,0.5296128,0.9630103409290314,0.4333975613117218,0.4985382474,Upper Susquehanna
21063,0.0,0.39464307,0.8280406296253204,0.4333975613117218,0.0,Upper Susquehanna
21064,0.2698344886302948,0.70323205,1.0,0.4333975613117218,0.791922626269,Upper Susquehanna
21065,0.006165742874145508,0.4395633,0.8729608654975891,0.4333975613117218,0.0,Upper Susquehanna
21066,0.23539474606513977,0.6687923,1.0,0.4333975613117218,0.771615009139,Upper Susquehanna
21067,0.15910568833351135,0.59250325,1.0,0.4333975613117218,0.665720302428,Upper Susquehanna
21068,0.0,0.3885678,0.821965366601944,0.4333975613117218,0.0,Upper Susquehanna
21069,0.3011004626750946,0.734498,1.0,0.4333975613117218,0.642242943939,Upper Susquehanna
21070,0.44201788306236267,0.87541544,1.0,0.4333975613117218,0.849061333595,Upper Susquehanna
21071,0.0,0.35761434,0.7910118997097015,0.4333975613117218,0.0,Upper Susquehanna
21072,0.07695391774177551,0.5103515,0.9437490403652191,0.4333975613117218,0.592226172787,Upper Susquehanna
21073,0.0034035146236419678,0.43680108,0.8701986372470856,0.4333975613117218,0.0239684322117,Upper Susquehanna
21074,0.07932886481285095,0.5127264,0.9461239874362946,0.4333975613117218,0.450835793655,Upper Susquehanna
21075,0.0,0.41442809,0.8478256464004517,0.4333975613117218,0.782161888422,Upper Susquehanna
21076,0.2291475236415863,0.6625451,1.0,0.4333975613117218,0.186046321987,Upper Susquehanna
21077,0.021413743495941162,0.4548113,0.8882088661193848,0.4333975613117218,0.807112293452,Upper Susquehanna
21078,0.17556288838386536,0.60896045,1.0,0.4333975613117218,0.916113440279,Upper Susquehanna
21079,0.359520822763443,0.7929184,1.0,0.4333975613117218,0.87399954003,Upper Susquehanna
21080,0.0,0.41902128,0.852418839931488,0.4333975613117218,0.0,Upper Susquehanna
21081,0.09788647294044495,0.53128403,0.9646815955638885,0.4333975613117218,0.69450751348,Upper Susquehanna
21082,0.19378891587257385,0.6271865,1.0,0.4333975613117218,0.186046321987,Upper Susquehanna
21083,0.24922099709510803,0.68261856,1.0,0.4333975613117218,0.975278254438,Upper Susquehanna
21084,0.09322819113731384,0.52662575,0.9600233137607574,0.4333975613117218,1.0,Upper Susquehanna
21085,0.0,0.40021363,0.8336111903190613,0.4333975613117218,0.0196439558077,Upper Susquehanna
21086,0.03243708610534668,0.46583465,0.8992322087287903,0.4333975613117218,0.186046321987,Upper Susquehanna
21087,0.08159670233726501,0.51499426,0.9483918249607086,0.4333975613117218,0.679326696638,Upper Susquehanna
21088,0.04794237017631531,0.48133993,0.9147374927997589,0.4333975613117218,0.427876607203,Upper Susquehanna
21089,0.06581032276153564,0.49920788,0.9326054453849792,0.4333975613117218,0.773881583608,Upper Susquehanna
21090,0.04631692171096802,0.47971448,0.9131120443344116,0.4333975613117218,0.331644425296,Upper Susquehanna
21091,0.20057997107505798,0.63397753,1.0,0.4333975613117218,0.601412266329,Upper Susquehanna
21092,0.034474730491638184,0.4678723,0.9012698531150818,0.4333975613117218,0.40677952012,Upper Susquehanna
21093,0.23842468857765198,0.67182225,1.0,0.4333975613117218,0.49579035819,Upper Susquehanna
21094,0.0,0.3526314,0.7860289514064789,0.4333975613117218,0.0,Upper Susquehanna
21095,0.16494926810264587,0.5983468,1.0,0.4333975613117218,0.80498977036,Upper Susquehanna
21096,0.13180002570152283,0.5651976,0.9985951483249664,0.4333975613117218,0.0,Upper Susquehanna
21097,0.24750617146492004,0.68090373,1.0,0.4333975613117218,0.948642933071,Upper Susquehanna
21098,0.24530842900276184,0.678706,1.0,0.4333975613117218,0.844727858846,Upper Susquehanna
21099,0.19453927874565125,0.62793684,1.0,0.4333975613117218,0.889932511772,Upper Susquehanna
21100,0.26098671555519104,0.6943843,1.0,0.4333975613117218,0.691454379098,Upper Susquehanna
21101,0.059236496686935425,0.49263406,0.926031619310379,0.4333975613117218,0.531762048255,Upper Susquehanna
21102,0.0,0.3614681,0.7948656678199768,0.4333975613117218,0.60624648215,Upper Susquehanna
21103,0.14707908034324646,0.58047664,1.0,0.4333975613117218,0.733070837347,Upper Susquehanna
21104,0.05125737190246582,0.48465493,0.9180524945259094,0.4333975613117218,0.785616923077,Upper Susquehanna
21105,0.07294771075248718,0.5063453,0.9397428333759308,0.4333975613117218,0.777008093392,Upper Susquehanna
21106,0.01824083924293518,0.4516384,0.8850359618663788,0.4333975613117218,0.0239684322117,Upper Susquehanna
21107,0.0,0.36155534,0.7949528992176056,0.4333975613117218,0.382653790199,Upper Susquehanna
21108,0.0,0.43127975,0.8646773099899292,0.4333975613117218,0.975343500445,Upper Susquehanna
21109,0.14777889847755432,0.58117646,1.0,0.4333975613117218,0.186046321987,Upper Susquehanna
21110,0.11787280440330505,0.55127037,0.9846679270267487,0.4333975613117218,0.499999880289,Upper Susquehanna
