n,pred_mean,obs_mean,gap
2112,0.35682106327801716,0.37074705665092145,0.013925993372904288
2111,0.446681564732899,0.4545200246281899,0.007838459895290917
2111,0.4994098938849796,0.5107170696393458,0.011307175754366239
2111,0.5448967868939557,0.5530470534637276,0.008150266569771913
2111,0.5852127941735601,0.5876770747909198,0.0024642806173597043
2111,0.6250135181131999,0.6178326377316408,-0.007180880381559174
2111,0.6664284080026953,0.6761449071670016,0.00971649916430628
2111,0.7145548201126829,0.7225787351296616,0.008023915016978744
2111,0.8130677029285766,0.824569436467244,0.011501733538667458
2111,0.9375248869297799,0.9242639547011291,-0.013260932228650768
