,n,mae,rmse,r2,spearman,bias,pred_sd_ratio,mae_low_tail,mae_high_tail
Ausable River,494.0,0.20706477372771212,0.26651303701767765,0.26454994605657745,0.4903933909200136,0.01120255328752521,0.5357754546862777,0.425607406711393,0.18304857846007677
Black,500.0,0.20578873572519008,0.25587557505438957,0.21282005735242437,0.39318162800145273,0.018340355748278674,0.44887027584778594,0.39802778351766926,0.27078416803010413
Bronx,234.0,0.14218808413344344,0.17885306843332288,-0.2099313646059744,0.4037779371717743,-0.08397775250698995,0.6646196226215005,0.17773026857257532,0.145531588608878
Buffalo-Eighteenmile,372.0,0.2408794141887954,0.29534726447937415,0.27682960321800143,0.5671251746980371,0.00928315247443761,0.47070141777763774,0.47755324215695816,0.14884292322491843
Cattaraugus,286.0,0.24550102619168848,0.297584094307998,0.25475781748828596,0.5258068762358818,-0.00679790005798873,0.47745079344098373,0.49333638079855396,0.1639674244255855
Chateaugay-English,560.0,0.17320050878669024,0.2192593081711674,0.12380524861284614,0.3399848387477483,-0.027033468779720713,0.4822625259317042,0.3586386485260433,0.200495801551982
Chautauqua-Conneaut,69.0,0.18788959673028913,0.25313818894502776,0.29462356436483994,0.6844415577230779,-0.03828847443209534,0.5869666047837795,0.43225010333239217,0.11573481559753418
Chemung,170.0,0.250669398915487,0.29678583429698774,0.19411376386742973,0.4574473441607066,-0.035209238493366574,0.5385757393316857,0.44307541919322024,0.13538686836768457
Chenango,468.0,0.24784503076497263,0.29627179255710456,0.20805923222153178,0.5591501706983548,-0.06802532820830084,0.5769031662102767,0.4007703614068266,0.16437658027141835
East Branch Delaware,589.0,0.21572471800208842,0.28803127735664535,0.3214453789001852,0.657119932320721,0.032844279929275244,0.5456689193925938,0.5356562374600486,0.07052269530478171
Grass,217.0,0.15492669447091095,0.21252504567401365,0.19191877310049976,0.36504896190948727,0.005210349446128608,0.4727782475902445,0.3633276373008063,0.1340839937732669
Hackensack-Passaic,637.0,0.17975689509633333,0.23335221016486013,0.10616292594754562,0.4457794082804425,-0.036047271262744054,0.495657021093612,0.3731503949977209,0.17290744560623109
Housatonic,511.0,0.2381100834314236,0.28722356768122326,0.19452234135035484,0.4588391114717463,-0.020336249704474608,0.4416698406828828,0.4521269699201314,0.24034943002111528
Hudson-Hoosic,1000.0,0.22307820688510957,0.2793420342915817,0.24157121910543766,0.4880498685041049,0.006946797092318962,0.4799018476965194,0.4484151270024449,0.21031271378635574
Hudson-Wappinger,1000.0,0.19478764455638187,0.25488064598806875,0.20065750826168216,0.48472018885590495,-0.011810167134063309,0.47756593731971836,0.4605090589350049,0.1702754968270087
Irondequoit-Ninemile,317.0,0.13145133357839311,0.19260328858120507,0.2512970533466047,0.5640610425128146,0.0012910940886898723,0.47921537623516874,0.3436751737428711,0.11657615980309322
Lake Champlain,1000.0,0.19984587710360072,0.2560134022479702,0.2565349562465902,0.514500198731837,-0.004843934023056719,0.5399528380665526,0.4120800985023664,0.20040450933753223
Lower Genesee,386.0,0.17155206973597667,0.22250344490605828,0.35414050370722583,0.7003904987757271,-0.047154881468182815,0.6301594872319611,0.31075396635034264,0.08866050591137874
Lower Hudson,536.0,0.21975552649602034,0.2889149273807538,0.12242341377212396,0.442047231965262,0.036128057218368516,0.4007196193358624,0.5692719771099652,0.17646983973274497
Mettawee River,184.0,0.20643628770813488,0.25658317689024623,0.17787927100690948,0.38837602105908325,0.00790975615088807,0.4896972438614315,0.4024841344454081,0.28162815526374135
Middle Delaware-Mongaup-Brodhead,594.0,0.2256355139014124,0.2776155605042945,0.2719417354892927,0.5254621127190666,0.009688366613464514,0.4673709627929115,0.4529438139845333,0.21364682684927963
Middle Hudson,1000.0,0.21945144641473546,0.2752738374196097,0.24951150659853594,0.5020288600354588,0.02864265348664594,0.4923391627361473,0.46879838804916446,0.18476936419542928
Mohawk,688.0,0.21445400838103995,0.26968251134580906,0.26198545953346064,0.526090317351378,0.009981071884372006,0.4924443581472179,0.4682446482648417,0.17979557781169675
Niagara,289.0,0.15594436555620844,0.226733404815666,0.214644128934808,0.5436315527376041,0.021155391881127545,0.5067633049680642,0.4249140626014984,0.11277733320706322
Northern Long Island,99.0,0.16551252735896355,0.1825537234811381,-0.5568288788200224,0.33843456437040903,-0.10829209379821185,0.5653333446899564,0.15346280715495056,0.20428441744813516
Oak Orchard-Twelvemile,534.0,0.11658606361400467,0.16746328854083933,0.17526661000277155,0.4683761680797903,-0.02555794065332873,0.5293180304826376,0.2544464142603301,0.09234070248610485
Oneida,69.0,0.16702282242715705,0.22370421837397259,0.11176083582362384,0.328787394725201,-0.005277014623443541,0.5372903818924553,0.3589459631862325,0.18183751536835427
Oswegatchie,126.0,0.13812451173314091,0.17321996979298085,0.08482634856840465,0.2746525196473217,-0.06441971452083031,0.46497780652943255,0.19665326043420947,0.2176127385799005
Owego-Wappasening,359.0,0.26316990283885405,0.3052619140432999,0.1914012638136794,0.4369505113413566,-0.00013778972016919482,0.420084154386431,0.43022719809877136,0.2661484178338418
Raquette,141.0,0.13133900217341427,0.17068397280857722,0.36440842104134097,0.5651387354525838,-0.009293194533661233,0.6668257901804625,0.23237607878583508,0.09696989400046212
Rondout,999.0,0.2186867442470905,0.2722066017979255,0.18947231653854246,0.4675203233096115,-0.007887975694452395,0.5395106934916812,0.4519088646203421,0.1641009666706688
Sacandaga,47.0,0.21967323473478953,0.27804391231404657,0.05121133415352308,0.27690884489362544,0.0024696227425553443,0.397862056255754,0.4871923900295592,0.31243573672238273
Salmon,383.0,0.15179833144248833,0.20254442865498315,0.28773566811436235,0.5287297271309074,0.014904782521454983,0.5898186119227989,0.3499098641465825,0.14064280505434434
Salmon-Sandy,346.0,0.1766576511407067,0.23503101757409361,0.1766029095313707,0.4453841050108692,-0.02016455000009462,0.45955938121929124,0.42185013214579503,0.18704202981219986
Saranac River,503.0,0.2110823532658186,0.263461302090836,0.19685277269434587,0.4348111044350202,-0.0009608384815875754,0.5798931946779785,0.39855690025350776,0.1725554640553668
Schoharie,1000.0,0.2600454223263864,0.30630668004257133,0.18012279194955894,0.46932697131928547,-0.04565655475561503,0.5362759558078927,0.40399485400183405,0.21433751614007662
Seneca,1000.0,0.2559678078330084,0.3058860954602984,0.20460638875705195,0.4719578039302114,0.0224309164189019,0.4986227569717944,0.4211195666086306,0.24776536448476566
Southern Long Island,311.0,0.12218037866599156,0.19338918444072367,-0.12519259983737352,0.25602252139354525,0.06056184842192075,0.3395314046626271,0.3902335790594162,0.09065722049626584
St. Regis,197.0,0.11965752434463242,0.16452530325213277,0.37693002402488396,0.6460119057623652,0.0001886589965001033,0.7148932675066506,0.2186016189311599,0.12290542528192767
Upper Allegheny,535.0,0.23416008732948104,0.2803773368240828,0.061759642448198204,0.406552031157079,-0.06584503936856573,0.5157341542765481,0.39189148709619825,0.2785332535356522
Upper Delaware,209.0,0.24634328234902403,0.3005400962661861,0.06898429521698346,0.46922144761102064,-0.08425397058524085,0.6235746443239715,0.41841058011566984,0.2448073141907593
Upper Genesee,630.0,0.24233474341085626,0.2997867674661862,0.3344075264081948,0.632007751347635,0.055882891206564055,0.46742053015677965,0.49200837232373956,0.16701099397690317
Upper Hudson,509.0,0.21717065703073202,0.2665719247489494,0.2219317149004021,0.44516371669088345,-0.009325351022264158,0.4829614247842978,0.4255932401920443,0.215179712313572
Upper Susquehanna,861.0,0.2414761791544797,0.2895806925013145,0.24720990526299758,0.5254778148154923,0.035279164785340524,0.44578143512341156,0.4281363765616773,0.24082121556324826
